phrase,frequency,seed
"моббинг",4495,"моббинг"
"моббинг",4495,"моббинг"
"моббинга буллинга",631,"моббинг"
"моббинг на работе",424,"моббинг"
"моббинг стадии",372,"моббинг"
"стадии развития моббинга",362,"моббинг"
"моббинг это простыми",288,"моббинг"
"моббинг это простыми словами",262,"моббинг"
"моббинг травля",254,"моббинг"
"на какой стадии развития моббинга",227,"моббинг"
"жертвы моббинга",194,"моббинг"
"моббинг виды моббинга",170,"моббинг"
"моббинг в коллективах",169,"моббинг"
"профилактика моббинга",143,"моббинг"
"моббинг сотрудников",137,"моббинг"
"психологический моббинг",136,"моббинг"
"моббинг как противостоять",126,"моббинг"
"профилактика моббинга и буллинга",124,"моббинг"
"количество стадии моббинга",122,"моббинг"
"количество стадий развития моббинга",119,"моббинг"
"моббинг в рабочих коллективах",107,"моббинг"
"виды моббинга и буллинга",107,"моббинг"
"моббинг буллинг хейзинг",105,"моббинг"
"газлайтинг буллинг моббинг",104,"моббинг"
"как противостоять моббингу в коллективе",102,"моббинг"
"как противостоять моббингу в рабочих коллективах",102,"моббинг"
"как можно противостоять моббинга в коллективе",99,"моббинг"
"как можно противостоять моббинга в рабочих коллективах",99,"моббинг"
"на какой стадии развития моббинга коллектив",98,"моббинг"
"моббинг руководителя",95,"моббинг"
"моббинг социология",95,"моббинг"
"моббинг что делать",92,"моббинг"
"моббинг фазы развития",76,"моббинг"
"фазы моббинга",76,"моббинг"
"активная фаза моббинга",75,"моббинг"
"назовите количество стадий моббинга",69,"моббинг"
"назовите количество стадий развития моббинга",69,"моббинг"
"проявления моббинга",64,"моббинг"
"моббинг на работе что делать",63,"моббинг"
"моббинг на рабочем месте",62,"моббинг"
"на работе попадаю в ситуации моббинг",54,"моббинг"
"моббинг и буллинг различия",51,"моббинг"
"формы моббинга",48,"моббинг"
"моббинг травля на работе",48,"моббинг"
"сколько видов профилактики буллинга и моббинга различают",45,"моббинг"
"травля буллинг моббинг",42,"моббинг"
"моббинг боссинг",39,"моббинг"
"организация моббинга",38,"моббинг"
"моббинг троллинг",37,"моббинг"
"моббинг статья",36,"моббинг"
"диагностика моббинга",36,"моббинг"
"методы моббинга",35,"моббинг"
"если на работе устраивают моббинг",34,"моббинг"
"чем моббинг отличается от буллинга",31,"моббинг"
"вертикальный моббинг",30,"моббинг"
"троллинг буллинг моббинг",30,"моббинг"
"моббинг на работе форум",28,"моббинг"
"школьный моббинг",27,"моббинг"
"цель моббинга",25,"моббинг"
"способы моббинга",23,"моббинг"
"признаки моббинга",22,"моббинг"
"буллинг и моббинг отличия",22,"моббинг"
"моббинг пример",20,"моббинг"
"моббинг подростков",20,"моббинг"
"моббинг буллинг кибербуллинг",19,"моббинг"
"моббинг в группе",17,"моббинг"
"моббинг это в психологии",15,"моббинг"
"проблемы моббинга",15,"моббинг"
"моббинг синоним",15,"моббинг"
"моббинг в семье",15,"моббинг"
"моббинг на работе и способы",14,"моббинг"
"моббинг на работе и способы борьбы",14,"моббинг"
"буллинг и моббинг проявляются через",14,"моббинг"
"моббинг действия",13,"моббинг"
"моббинг на работе ростов на дону",13,"моббинг"
"моббинг в офисе rbc",12,"моббинг"
"что из перечисленного является примером вертикального моббинга",12,"моббинг"
"буллинг газлайтинг моббинг шейминг абьюз",11,"моббинг"
"газлайтинг буллинг моббинг шейминг",11,"моббинг"
"причины моббинга",10,"моббинг"
"моббинг на работе хочу уволиться форум дзен",10,"моббинг"
"буллинг и моббинг в чем разница",10,"моббинг"
"сколько люди восстанавливаются после моббинга",9,"моббинг"
"горизонтальный моббинг",9,"моббинг"
"моббинг ответственность",9,"моббинг"
"моббинг на работе хочу уйти дзен",9,"моббинг"
"скрытый моббинг",9,"моббинг"
"моббинг травля на работе выгорание психология",9,"моббинг"
"моббинг как бороться",8,"моббинг"
"моббинг на работе хочу уйти форум",7,"моббинг"
"моббинг фсб",7,"моббинг"
"моббинг иркутск",7,"моббинг"
"моббинг книга",7,"моббинг"
"моббинг решение суда",7,"моббинг"
"верно ли что моббинг совершается одним лицом",7,"моббинг"
"защита от моббинга мужа",6,"моббинг"
"в чем выражается горизонтальный вид моббинга",6,"моббинг"
"количество стадий развития моббинга ответ на вопрос",5,"моббинг"
"моббинг травля на работе депрессия",5,"моббинг"
"моббинг уволиться или терпеть",5,"моббинг"
"буллинг моббинг боссинг харассмент",5,"моббинг"
"что такое моббинг в школе",4,"моббинг"