№,тема,ключ,частота,блок,cta
1,Тест на ревность с диаграммой,тест на ревность с диаграммой,191680,Отношения,/artterapy
2,Упражнения для детей,упражнения для детей,48742,Практики и восстановление,/online
3,Психосоматика у женщин,психосоматика у женщин,42635,Словарь и термины,/artterapy
4,Причины психосоматики,причины психосоматики,39384,Словарь и термины,/artterapy
5,Тест на уровень ревности,тест на уровень ревности,33554,Отношения,/artterapy
6,Причины развода,причины развода,25775,Отношения,/artterapy
7,Гештальт простыми словами,гештальт это простыми словами,17578,Словарь и термины,/artterapy
8,Эмпатия простыми словами,эмпатия это простыми словами,15875,Словарь и термины,/artterapy
9,Как пережить расставание,как пережить расставание,14199,Отношения,/artterapy
10,Отношения простыми словами,отношения это простыми словами,11938,Отношения,/artterapy
11,Кризис в отношениях,кризис в отношениях,11440,Отношения,/artterapy
12,Привязанность в отношениях,привязанность в отношениях,10999,Отношения,/artterapy
13,Воспитание детей в семье,воспитание детей в семье,9140,Дети и подростки,/artterapy
14,Депрессия у женщин,депрессия у женщин,8922,Тревога и депрессия,/artterapy
15,Типы привязанности в отношениях,типы привязанности в отношениях,8727,Отношения,/artterapy
16,Как выйти из депрессии,как выйти из депрессии,8359,Тревога и депрессия,/artterapy
17,Психосоматика боли у женщин,психосоматика боли у женщин,7909,Словарь и термины,/artterapy
18,Газлайтинг простыми словами,газлайтинг это простыми словами,7515,Словарь и термины,/artterapy
19,Психосоматика у мужчин,психосоматика у мужчин,7026,Отношения,/artterapy
20,Упражнения для подростков,упражнения для подростков,6794,Дети и подростки,/artterapy
21,Как избавиться от страха,как избавиться от страха,6475,Тревога и депрессия,/artterapy
22,Тест на выгорание,тест на выгорание,6352,Выгорание и работа,/coach
23,Триггер простыми словами,триггер это простыми словами,6332,Словарь и термины,/artterapy
24,Как поднять самооценку,как поднять самооценку,5642,Самооценка и личность,/artterapy
25,Психосоматика у детей,психосоматика у детей,5200,Словарь и термины,/artterapy
26,Выгорание на работе,выгорание на работе,5161,Выгорание и работа,/coach
27,Виды психологов,виды психологов,5001,Для психологов,/praktik
28,Причины депрессии,причины депрессии,4649,Тревога и депрессия,/artterapy
29,Как справиться отношения,как справиться отношения,4507,Отношения,/artterapy
30,Как стать психологом,как стать психологом,4499,Для психологов,/praktik
31,Как избавиться от тревожности,как избавиться от тревожности,4379,Тревога и депрессия,/artterapy
32,Подросток простыми словами,подросток простыми словами,4272,Дети и подростки,/artterapy
33,Фрустрация простыми словами,фрустрация это простыми словами,4163,Словарь и термины,/artterapy
34,Причины страха,причины страха,4140,Тревога и депрессия,/artterapy
35,Зачем психолог,зачем психолог,4023,Для психологов,/praktik
36,Сублимация простыми словами,сублимация это простыми словами,3948,Словарь и термины,/artterapy
37,Признаки отношение мужчины,отношение мужчины признаки,3868,Отношения,/artterapy
38,Психосоматика простыми словами,психосоматика это простыми словами,3848,Словарь и термины,/artterapy
39,Депрессия у мужчин,депрессия у мужчин,3731,Отношения,/artterapy
40,Стадии расставания,стадии расставания,3668,Отношения,/artterapy
41,Психология мужчины в отношениях,психология мужчины в отношениях,3537,Для психологов,/praktik
42,Инсайт простыми словами,инсайт это простыми словами,3465,Словарь и термины,/artterapy
43,Катарсис простыми словами,катарсис это простыми словами,3230,Словарь и термины,/artterapy
44,Психология женщины в отношениях,психология женщины в отношениях,3076,Для психологов,/praktik
45,Причины тревожности,причины тревожности,3018,Тревога и депрессия,/artterapy
46,Как проявляется депрессия,как проявляется депрессия,2817,Тревога и депрессия,/artterapy
47,Как выйти из депрессии самостоятельно,как выйти из депрессии самостоятельно,2792,Тревога и депрессия,/artterapy
48,Чем отличается психолог от психиатра,чем отличается психолог от психиатра,2771,Для психологов,/praktik
49,Как понять что у тебя депрессия,как понять что у тебя депрессия,2714,Тревога и депрессия,/artterapy
50,Этапы воспитания ребенка,этапы воспитания ребенка,2647,Дети и подростки,/artterapy
51,Тест на одиночество,тест на одиночество,2566,Тесты,/online
52,Как пережить развод с мужем,как пережить развод с мужем,2494,Отношения,/artterapy
53,Невроз у женщин,невроз у женщин,2455,Тревога и депрессия,/artterapy
54,Апатия простыми словами,апатия это простыми словами,2448,Эмоции и состояния,/artterapy
55,Симбиоз простыми словами,симбиоз это простыми словами,2421,Словарь и термины,/artterapy
56,Эго простыми словами,эго это простыми словами,2371,Словарь и термины,/artterapy
57,Созависимость в отношениях,созависимость в отношениях,2298,Отношения,/artterapy
58,Сепарация простыми словами,сепарация это простыми словами,2248,Словарь и термины,/artterapy
59,Избегающая привязанность в отношениях,избегающая привязанность в отношениях,2215,Отношения,/artterapy
60,Чем отличается психолог от психотерапевта,чем отличается психолог от психотерапевта,2179,Для психологов,/praktik
61,Избегающий тип привязанности в отношениях,избегающий тип привязанности в отношениях,2171,Отношения,/artterapy
62,Как повысить самооценку женщине,как повысить самооценку женщине,2097,Отношения,/artterapy
63,Как понять привязанность,как понять привязанность,2084,Словарь и термины,/artterapy
64,Как повысить самооценку и уверенность в себе,как повысить самооценку и уверенность в себе,2003,Самооценка и личность,/artterapy
65,Психосоматика цистита у женщин,психосоматика цистита у женщин,1992,Словарь и термины,/artterapy
66,Рефлексия простыми словами,рефлексия это простыми словами,1978,Словарь и термины,/artterapy
67,Этапы нравственного воспитания ребенка,этапы нравственного воспитания ребенка,1972,Дети и подростки,/artterapy
68,Как вести себя с мужчиной в отношениях,как вести себя с мужчиной в отношениях,1944,Отношения,/artterapy
69,Как пережить расставание с любимым,как пережить расставание с любимым,1915,Отношения,/artterapy
70,Тревожная привязанность в отношениях,тревожная привязанность в отношениях,1905,Отношения,/artterapy
71,Типы привязанности у мужчин,типы привязанности у мужчин,1839,Отношения,/artterapy
72,Как вернуть девушку после расставания,как вернуть девушку после расставания,1810,Отношения,/artterapy
73,Как справиться с расставанием,как справиться с расставанием,1763,Отношения,/artterapy
74,Поясница психосоматика у женщин,поясница психосоматика у женщин,1693,Словарь и термины,/artterapy
75,Тревожный тип привязанности в отношениях,тревожный тип привязанности в отношениях,1676,Отношения,/artterapy
76,Как вернуть мужчину после расставания,как вернуть мужчину после расставания,1664,Отношения,/artterapy
77,Этапы психологи,этапы психологи,1658,Для психологов,/praktik
78,Как справиться с выгоранием,как справиться с выгоранием,1638,Выгорание и работа,/coach
79,Буллинг на работе,буллинг на работе,1634,Дети и подростки,/artterapy
80,Психосоматика геморроя у женщин,психосоматика геморроя у женщин,1627,Словарь и термины,/artterapy
81,Чем отличается психолог от клинического психолога,чем отличается психолог от клинического психолога,1624,Для психологов,/praktik
82,Депрессия простыми словами,депрессия это простыми словами,1623,Тревога и депрессия,/artterapy
83,Избегающий тип привязанности у мужчин,избегающий тип привязанности у мужчин,1615,Отношения,/artterapy
84,Ноги психосоматика у женщин,ноги психосоматика у женщин,1606,Словарь и термины,/artterapy
85,Причины чувство тревоги,чувство тревоги причины,1591,Эмоции и состояния,/artterapy
86,Причины апатии,причины апатии,1512,Эмоции и состояния,/artterapy
87,Абьюз простыми словами,абьюз это простыми словами,1510,Словарь и термины,/artterapy
88,Виды деятельности психолога,виды деятельности психолога,1486,Для психологов,/praktik
89,Как избавиться от привязанности,как избавиться от привязанности,1471,Словарь и термины,/artterapy
90,Как избавиться от ревности,как избавиться от ревности,1463,Отношения,/artterapy
91,Эмоциональные качели в отношениях,эмоциональные качели в отношениях,1456,Отношения,/artterapy
92,Этапы развития и воспитания ребенка,этапы развития и воспитания ребенка,1360,Дети и подростки,/artterapy
93,Как пережить расставание с человеком,как пережить расставание с человеком,1349,Отношения,/artterapy
94,Как выбрать психолога,как выбрать психолога,1336,Для психологов,/praktik
95,Психосоматика щитовидная железа у женщин,психосоматика щитовидная железа у женщин,1316,Словарь и термины,/artterapy
96,Стадии выгорания,стадии выгорания,1309,Выгорание и работа,/coach
97,Как пережить расставание с мужчиной,как пережить расставание с мужчиной,1308,Отношения,/artterapy
98,Как строить отношения с мужчиной,как строить отношения с мужчиной,1305,Отношения,/artterapy
99,Как пережить после расставания,как пережить после расставания,1299,Отношения,/artterapy
100,Невроз у взрослых,невроз у взрослых,1297,Тревога и депрессия,/artterapy
101,Как ведут себя после расставания,как ведут себя после расставания,1283,Отношения,/artterapy
102,Самооценка в отношениях,самооценка в отношениях,1282,Отношения,/artterapy
103,Гештальт закрыт простыми словами,гештальт закрыт это простыми словами,1233,Словарь и термины,/artterapy
104,Как выйти из отношений с мужчиной,как выйти из отношений с мужчиной,1220,Отношения,/artterapy
105,Депрессия после родов,депрессия после родов,1182,Тревога и депрессия,/artterapy
106,Причины выгорания,причины выгорания,1168,Выгорание и работа,/coach
107,Переходный возраст у детей,переходный возраст у детей,1153,Дети и подростки,/artterapy
108,Как выразить привязанность,как выразить привязанность,1073,Словарь и термины,/artterapy
109,Признаки буллинга,признаки буллинга,1030,Дети и подростки,/artterapy
110,Как проживать эмоции,как проживать эмоции,1024,Эмоции и состояния,/artterapy
111,Виды работы психолога,виды работы психолога,1011,Для психологов,/praktik
112,Психолог простыми словами,психолог это простыми словами,1008,Для психологов,/praktik
113,Виды психотерапии,виды психотерапии,1004,Для психологов,/praktik
114,Синдром самозванца простыми словами,синдром самозванца простыми словами,1000,Самооценка и личность,/artterapy
115,Психосоматика аллергии у женщин,психосоматика аллергии у женщин,997,Словарь и термины,/artterapy
116,Переходный возраст у подростков,переходный возраст у подростков,995,Дети и подростки,/artterapy
117,Типы привязанности в психологии,типы привязанности в психологии,994,Для психологов,/praktik
118,Колени психосоматика у женщин,колени психосоматика у женщин,987,Словарь и термины,/artterapy
119,Типы воспитания детей,типы воспитания детей,974,Дети и подростки,/artterapy
120,Буллинг что это такое простыми словами,буллинг что это такое простыми словами,970,Дети и подростки,/artterapy
121,Психосоматика болезней у женщин,психосоматика болезней у женщин,959,Словарь и термины,/artterapy
122,Привязанность простыми словами,привязанность это простыми словами,958,Словарь и термины,/artterapy
123,Причины цистит психосоматика,цистит психосоматика причины,950,Словарь и термины,/artterapy
124,Причины возникновения психосоматики,причины возникновения психосоматики,948,Словарь и термины,/artterapy
125,Подростковый возраст у детей,подростковый возраст у детей,946,Дети и подростки,/artterapy
126,Вопросы воспитание детей в семье,вопросы воспитание детей в семье,941,Дети и подростки,/artterapy
127,Развитие и воспитание ребенка в семье,развитие и воспитание ребенка в семье,928,Дети и подростки,/artterapy
128,Избегающий тип привязанности у женщин,избегающий тип привязанности у женщин,900,Словарь и термины,/artterapy
129,Ипохондрия простыми словами,ипохондрия это простыми словами,900,Словарь и термины,/artterapy
130,Как избавиться от внутренней тревожности,как избавиться от внутренней тревожности,881,Тревога и депрессия,/artterapy
131,Перфекционизм что это такое простыми словами,перфекционизм что это такое простыми словами,879,Самооценка и личность,/artterapy
132,Психосоматика почки у женщин,психосоматика почки у женщин,872,Словарь и термины,/artterapy
133,Выгорание простыми словами,выгорание это простыми словами,867,Выгорание и работа,/coach
134,Тест на самооценку и уверенность в себе,тест на самооценку и уверенность в себе,855,Самооценка и личность,/artterapy
135,Признаки выгорание на работе,выгорание на работе признаки,851,Выгорание и работа,/coach
136,Как отличить депрессию,как отличить депрессию,846,Тревога и депрессия,/artterapy
137,Стыд простыми словами,стыд это простыми словами,837,Эмоции и состояния,/artterapy
138,Как справиться с апатией,как справиться с апатией,788,Эмоции и состояния,/artterapy
139,Виды буллинга,виды буллинга,782,Дети и подростки,/artterapy
140,Как избавиться от стыда,как избавиться от стыда,781,Эмоции и состояния,/artterapy
141,Испанский стыд простыми словами,испанский стыд это простыми словами,762,Эмоции и состояния,/artterapy
142,Как работает депрессия,как работает депрессия,752,Тревога и депрессия,/artterapy
143,Как определить депрессию,как определить депрессию,747,Тревога и депрессия,/artterapy
144,Как избавиться от страха и тревоги,как избавиться от страха и тревоги,734,Тревога и депрессия,/artterapy
145,Как убрать тревожность внутри себя,как убрать тревожность внутри себя,732,Тревога и депрессия,/artterapy
146,Причины злости,причины злости,721,Эмоции и состояния,/artterapy
147,Причины невроз,невроз причины,710,Тревога и депрессия,/artterapy
148,Как пережить развод психолог,как пережить развод психолог,707,Для психологов,/praktik
149,Как понять самооценку,как понять самооценку,702,Самооценка и личность,/artterapy
150,Социальное воспитание ребенка в семье,социальное воспитание ребенка в семье,698,Дети и подростки,/artterapy
151,Причины подросткового возраста,причины подросткового возраста,694,Дети и подростки,/artterapy
152,Как начинается депрессия,как начинается депрессия,679,Тревога и депрессия,/artterapy
153,Как справиться с буллингом,как справиться с буллингом,666,Дети и подростки,/artterapy
154,Как справиться с грустью,как справиться с грустью,661,Эмоции и состояния,/artterapy
155,Повышенная тревожность у взрослых,повышенная тревожность у взрослых,660,Тревога и депрессия,/artterapy
156,Тест на созависимость,тест на созависимость,658,Тесты,/online
157,Как уменьшить грудь в подростковом возрасте,как уменьшить грудь в подростковом возрасте,647,Дети и подростки,/artterapy
158,Техники работы психолога,техники работы психолога,644,Для психологов,/praktik
159,Как пережить развод советы психолога,как пережить развод советы психолога,640,Для психологов,/praktik
160,Причины буллинга,причины буллинга,640,Дети и подростки,/artterapy
161,Как лечится депрессия,как лечится депрессия,630,Тревога и депрессия,/artterapy
162,Причины великой депрессии,причины великой депрессии,629,Тревога и депрессия,/artterapy
163,Эмоциональное выгорание на работе,эмоциональное выгорание на работе,628,Эмоции и состояния,/artterapy
164,Воспитание и обучение детей в семье,воспитание и обучение детей в семье,626,Дети и подростки,/artterapy
165,Как пережить депрессию,как пережить депрессию,623,Тревога и депрессия,/artterapy
166,Причины самооценки,причины самооценки,604,Самооценка и личность,/artterapy
167,Виды самооценки,виды самооценки,597,Самооценка и личность,/artterapy
168,Типы отношений в психологии,типы отношений в психологии,595,Для психологов,/praktik
169,Как избавиться от злости,как избавиться от злости,578,Эмоции и состояния,/artterapy
170,Признаки низкой самооценки,признаки низкой самооценки,573,Самооценка и личность,/artterapy
171,Как справиться с эмоциональным выгоранием,как справиться с эмоциональным выгоранием,563,Эмоции и состояния,/artterapy
172,Этапы самооценки,этапы самооценки,561,Самооценка и личность,/artterapy
173,Как избавиться от стресса и тревоги,как избавиться от стресса и тревоги,543,Практики и восстановление,/online
174,Сублимация в психологии простыми словами,сублимация в психологии простыми словами,542,Для психологов,/praktik
175,Клинический психолог простыми словами,клинический психолог это простыми словами,540,Для психологов,/praktik
176,Техники когнитивной психотерапии,техники когнитивной психотерапии,539,Для психологов,/praktik
177,Тест на абьюз,тест на абьюз,521,Тесты,/online
178,Как избавиться от чувства тревоги,как избавиться от чувства тревоги,519,Эмоции и состояния,/artterapy
179,Упражнения от тревоги,упражнения от тревоги,482,Практики и восстановление,/online
180,Тест на алекситимию,тест на алекситимию,459,Тесты,/online
181,Как повысить самооценку книги,как повысить самооценку книги,457,Самооценка и личность,/artterapy
182,Признаки профессионального выгорания,признаки профессионального выгорания,448,Выгорание и работа,/coach
183,Как работает психосоматика,как работает психосоматика,447,Выгорание и работа,/coach
184,Тест на синдром самозванца,тест на синдром самозванца,442,Самооценка и личность,/artterapy
185,Как справиться с завистью,как справиться с завистью,438,Эмоции и состояния,/artterapy
186,Причины апатии у женщин,причины апатии у женщин,425,Эмоции и состояния,/artterapy
187,Моббинг на работе,моббинг на работе,424,Выгорание и работа,/coach
188,Техники выгорания,техники выгорания,415,Выгорание и работа,/coach
189,Как избавиться от чувства стыда,как избавиться от чувства стыда,413,Эмоции и состояния,/artterapy
190,Как понять что у тебя выгорание,как понять что у тебя выгорание,405,Выгорание и работа,/coach
191,Как проверить выгорание,как проверить выгорание,397,Выгорание и работа,/coach
192,Эмоциональное выгорание простыми словами,эмоциональное выгорание это простыми словами,375,Эмоции и состояния,/artterapy
193,Зависть простыми словами,зависть это простыми словами,365,Эмоции и состояния,/artterapy
194,Типы выгоранием,типы выгоранием,362,Выгорание и работа,/coach
195,Причины слабость апатия,слабость апатия причины,347,Эмоции и состояния,/artterapy
196,Как перестать обида,как перестать обида,343,Эмоции и состояния,/artterapy
197,Причины усталость апатия,усталость апатия причины,309,Эмоции и состояния,/artterapy
198,Тест на дереализацию,тест на дереализацию,300,Тесты,/online
