slug,тема,причина
vospitanie-rebenka,,"педагогическая теория и нормативка в ключах (цель, содержание, средства, «воспитание ребенка рф»); тема закрыта статьёй vospitanie-detey-v-seme"
perehodnyy-vozrast,,"кино и концерт: «в хорошем качестве», «онлайн бесплатно», «2026», «концерт», «спектакль»"
psihologicheskiy-rebenok,,"склейка лемматизатора плюс поиск услуги: «диагностика ребенка психолог», «отчет психолога о работе с ребенком»"
u-detey-bez-simptomov,,"склейка лемматизатора, темы под ней нет"
izbegayuschaya-privyazannost,,дубль существующей статьи izbegayuschaya-privyazannost-v-otnosheniyah
sereznye-otnosheniya-s-muzhchinoy,,"сайты знакомств: «бесплатная регистрация», «сайт для», «где познакомиться»"
emotsionalnoe-vygoranie,,дубль существующих vygoranie и kak-ponyat-chto-u-tebya-vygoranie
muzhchina-v-otnosheniyah-s-zhenschinoy,,"склейка: гороскопы, абьюзер, нарцисс и знакомства в одном мешке; тема закрыта kak-ponyat-otnosheniya-s-muzhchinoy"
trevozhnaya-privyazannost,,дубль существующей статьи trevozhnaya-privyazannost-v-otnosheniyah
poslerodovaya-depressiya,,"дубль depressiya-posle-rodov, в ключах лечение и антидепрессанты"
perezhitoe-rasstavanie,,"склейка: фильмы и песни («расставание 1984», «расставание онлайн бесплатно», «расставание петь»)"
emotsionalnye-otnosheniya,,"пустая склейка, всего два ключа, статьи из этого не вырастает"
vospitanie-rebenka-roditelyami,,"юридическая нормативка: «право родителя на воспитание», «неисполнение обязанностей по воспитанию»"
chuvstvo-trevogi,,дубль kak-spravitsya-s-trevogoy и prichiny-chuvstvo-trevogi; в ключах лечение и антидепрессанты
rozhdenie-vospitanie-rebenka,,склейка плюс выплаты при рождении ребёнка — нормативка
programma-vospitaniya-detey,,"педагогическая нормативка: рабочие программы, ДОУ, ОВЗ"
rossiyskoe-vospitanie-detey,,"идеологическая и нормативная тема, не про нашу читательницу"
chuvstvo-straha,,"дубль prichiny-straha и kak-izbavitsya-ot-straha, своих ключей почти нет"
otnoshenie-prichiny,,склейка лемматизатора («отношение причины»)
emotsionalnye-kacheli,,дубль существующей статьи emocionalnye-kacheli-v-otnosheniyah
glubokaya-privyazannost,,"сериал: «озвучка», «русская озвучка», «все серии», «сколько серий»"
god-otnosheniy-s-muzhchinoy,,"склейка: «год без отношений», «мужчина моложе на год» — единой темы нет"
rasstavanie-s-devushkoy,,"мужская аудитория, мы пишем для женщины"
rasstavaniya-pochemu,,"эзотерика в ключах (аркан, матрица совместимости) и сплетни о звёздах"
bez-trevozhnost,,"препараты: «успокоительное без рецепта», «тревожность без антидепрессантов»"
rasstavanie-s-parnem,,"сонник и видео, своей темы нет; расставание закрыто kak-perezhit-rasstavanie"
effekt-danninga-kryugera,,дубль словарной статьи slovar-effekt-danninga-kryugera
povyshennaya-trevozhnost,,"дубль povyshennaya-trevozhnost-u-vzroslyh, в ключах «лечение» и «к какому врачу»"
zaschitnye-mehanizmy-2,,"дубль существующей статьи zaschitnye-mehanizmy, в ключах мусор (каски, розетки, шторки)"
vospitanie-detey-otvety,,юридическая ответственность за воспитание плюс запрос готовых ответов на тест
povyshennaya-samootsenka,,по ключам это «как повысить самооценку» — дубль kak-povysit-samoocenku
depressiya-bez-depressii,,"склейка плюс препараты: «депрессия без таблеток», «антидепрессанты без депрессии»"
tyazhelaya-depressiya,,степень тяжести и препараты — диагностика и лечение
nizkaya-samootsenka,,дубль priznaki-nizkoy-samoocenki и kak-povysit-samoocenku
depressiya-kak-vyshli,,"склейка плюс «как лечить депрессию», «эндогенная»; тема закрыта kak-vyyti-iz-depressii"
depressiya-u-zhenschin,,«как лечить депрессию у женщин» — лечение; тема закрыта depressiya-simptomy и kak-perezhit-depressiyu
muzhchiny-poznakomyatsya-s-muzhchinami-dlya-otnosheniy,,сайт знакомств
professionalnoe-vygoranie,,"интент HR и педагогов: сотрудники, деформация, профессии; тема закрыта vygoranie-na-rabote"
tipy-privyazannosti-v-otnosheniyah,,дубль существующей статьи tipy-privyazannosti
trevozhno-izbegayuschaya-privyazannost,,дубль существующей статьи trevozhno-izbegayuschaya-privyazannost-v-otnosheniyah
depressiya-proshla,,"три ключа, один из них строчка из песни; на статью не хватает"
vospitaniya-lichnosti-rebenka,,педагогический реферат про формирование личности
pedagogicheskoe-vospitanie-detey,,"педагогика: методы, системы, условия, дети с отклонениями"
rasstavanie-s-lyubimym,,дубль kak-perezhit-rasstavanie
vospitanie-detey-ogranichivaya,,дети с ОВЗ — специальная и медицинская тема
depressiya-proydet,,прогноз болезни «пройдёт ли сама» — диагностика; тема закрыта kak-vyyti-iz-depressii
rasstavanie-s-byvshey,,мужская аудитория плюс сонник
bessoznatelnoe-sostoyanie,,склейка: медицинское «без сознания» и первая помощь вперемешку с психоанализом
lyubimomu-posle-rasstavaniya,,эзотерика: «молитва вернуть любимого»; тема закрыта kak-zabyt-cheloveka
klinicheskaya-depressiya,,диагноз и клинические рекомендации
posle-rasstavaniya-s-devushkoy,,мужская аудитория
samootsenka-i-uverennost-v-sebe,,дубль существующей статьи uverennost-v-sebe
psihologiya-otnosheniy-knigi,,"навигационный запрос книг, «читать онлайн бесплатно»"
pravila-vospitaniya-detey,,нормативка («постановление правительства о воспитании») и логопедия; тема закрыта vospitanie-detey-v-seme
god-v-depressii,,"склейка: «ребенку год депрессия», «год жила в депрессии»"
trevozhnost-bespokoystvo,,запрос книги Бёрнса «Терапия беспокойства»; тема закрыта kak-spravitsya-s-trevogoy
samootsenka-cheloveka,,"общая склейка без своего угла, дубль kak-ponyat-samoocenku"
samootsenka-kniga,,"мусорная склейка: «самооценка качества», «самооценка выполнена» — из аудита, не про людей"
panicheskaya-trevozhnost,,панические атаки и препараты; тема закрыта panicheskoe-rasstroystvo и kak-spravitsya-s-panikoy
uprazhnenie-otnoshenie,,"склейка «упражнение отношение», темы под ней нет"
emotsionalnaya-labilnost,,дубль словарной статьи slovar-labilnost
nezakrytyy-geshtalt,,дубль темы «закрой гештальт» (строка 5) и словарной slovar-geshtalt
sensornaya-deprivatsiya,,"дубль slovar-deprivaciya, в ключах порномусор"
silnaya-trevozhnost,,степень тяжести и телесные симптомы; тема закрыта kak-spravitsya-s-trevogoy
psihologiya-otnosheniya-mezhdu,,"склейка «психология отношения между», темы под ней нет"
silnaya-depressiya,,"степень тяжести, четыре ключа — диагностика"
tselevye-orientiry-vospitaniya-detey,,терминология ФГОС: «целевые ориентиры воспитания»
refleksiya-otvet,,склейка «рефлексия ответ»; тема закрыта refleksiya и slovar-refleksiya
onemenie-chuvstv,,"половина ключей — неврология (онемение рук, ног, языка), остальное дубль podavlenie-emociy"
traditsionnoe-vospitanie-detey,,"этнопедагогика и традиции народов, не про нашу читательницу"
rasstavanie-mesyatsa,,дубль темы сроков после расставания (строка 97)
vospitanie-sosedskih-detey,,выпуск телешоу «Мужское/Женское»
psihologiya-otnosheniy-mezhdu-muzhchinoy,,склейка «психология отношений между мужчиной»; тема закрыта kak-ponyat-otnosheniya-s-muzhchinoy
profilaktika-vygoraniya,,"методички и тренинги для педагогов и HR, а не для читательницы"
otnosheniya-mezhdu-zhenschinami-psihologiya,,"склейка, ключи собраны из разных запросов"
snizhenie-trevozhnosti,,программы и занятия для специалистов; тема закрыта kak-uspokoit-trevozhnost
shkolnyy-bulling,,дубль строки 18 «буллинг в школе»
posle-rasstavaniya-nachal,,"склейка «после расставания начал», темы под ней нет"
vzroslaya-trevozhnost,,препараты («афобазол») и лечение; дубль povyshennaya-trevozhnost-u-vzroslyh
depressiya-v-ssha,,"Великая депрессия в США — экономика, а не психика"
silnaya-privyazannost,,дубль privyazannost-v-otnosheniyah и kak-izbavitsya-ot-privyazannosti
vysokaya-samootsenka,,дубль vidy-samoocenki
perehodnoy-vozrast-skolkih-vozrast,,склейка «со скольки лет»; тема закрыта perehodnyy-vozrast-u-detey
semeynoe-vospitanie-rebenka,,"педагогический реферат: стили, условия, цель семейного воспитания; дубль vospitanie-detey-v-seme"
rasstavanie-s-zhenschinoy,,мужская аудитория плюс гороскопы
emotsionalnaya-privyazannost,,дубль privyazannost-v-otnosheniyah
diagnoz-depressiya,,диагноз и диагностика напрямую
fizicheskoe-vospitanie-rebenka,,физкультура и педагогика
chuvstvo-obidy,,"дубль существующей статьи kak-otpustit-obidu, в ключах сканворды"
depressiya-segmenta,,"депрессия сегмента ST — кардиология, к психологии отношения не имеет"
chuvstvo-grusti,,"дубль kak-spravitsya-s-grustyu, ключи из сканвордов и песен"
metod-ratsionalizatsii,,математика: метод рационализации логарифмических неравенств
bulling-detey,,склейка и дубль строки 18; в ключах игры и «статья за буллинг»
depressiya-u-muzhchin,,дубль priznaki-depressii-u-muzhchin
kak-nazyvaetsya-depressiya,,перечень названий диагнозов — диагностика
postoyannaya-trevozhnost,,дубль kak-spravitsya-s-trevogoy
depressiya-simptomy-u-zhenschin,,симптомы как чек-лист диагноза — прямой запрет ТЗ
psihologiya-otnosheniy-rasskazy,,навигационный запрос дзен-канала
refleksiya-udarenie,,справочный запрос про ударение в слове
antidepressanty-pri-depressii,,препараты
metody-vospitaniya-detey,,"педагогика: методы, средства, ОВЗ; дубль tipy-vospitaniya-detey"
vernetsya-posle-rasstavaniya,,дубль строки 30 «вернуться к бывшему»
byvshaya-devushka-posle-rasstavaniya,,мужская аудитория
nachalo-otnosheniy-s-muzhchinoy,,"дубль kak-stroit-otnosheniya-s-muzhchinoy, свой ключ — «став» (эзотерика)"
formy-vospitaniya-detey,,"юридические формы устройства детей, оставшихся без попечения"
vals-rasstavaniya,,песня Яна Френкеля «Вальс расставания»
bezmolvnoe-rasstavanie,,"фильм: «озвучка», «2015», «онлайн бесплатно»"
mesyatsy-posle-rasstavaniya,,дубль строки 97 про сроки после расставания
kak-izbavitsya-ot-razdrazheniya,,"раздражение кожи после бритья — косметология, а не эмоция"
ot-trevozhnosti-i-stressa,,препараты и БАДы («магний от тревожности»); дубль snyatie-stressa
vylechu-depressiyu,,«как вылечить депрессию» — лечение
privyazannost-zhenschiny,,"три ключа, один физиологический («гормон привязанности»), темы нет"
prichiny-perenosa-otpuska,,кадровый вопрос про перенос отпуска и рейса
nachalo-depressii,,«начало великой депрессии» плюс стадия болезни
vospitanie-detey-cherez,,"склейка «воспитание детей через», ключи из разных тем"
lyubit-posle-rasstavaniya,,дубль строк 30 и 150 про бывшего
rasstavanie-pomogaet,,дубль kak-perezhit-rasstavanie
rasstavanie-zabyt,,дубль kak-zabyt-cheloveka
sovremennoe-vospitanie-detey,,педагогический реферат про современные технологии воспитания
emotsionalnaya-empatiya,,дубль empatiya и slovar-empatiya
podrostkovyy-vozrast-u-devochek,,дубль строки 81 плюс физиология пубертата
buduschee-otnosheniya-s-muzhchinoy,,гадание на будущее отношений — эзотерика
lyubov-i-otnosheniya-s-muzhchinoy,,склейка плюс аффирмации и «медитация на отношения» — эзотерический интент
zavyshennaya-samootsenka,,сканворд «эрудит с завышенной самооценкой 9 букв»; дубль vidy-samoocenki
napisal-posle-rasstavaniya,,дубль строки 150 про переписку с бывшим
pomosch-bessoznatelnogo,,первая помощь пострадавшему без сознания — медицина
otsenka-samootsenka,,школьная педагогика: оценка и самооценка учебной деятельности
trevozhnost-mysli,,дубль navyazchivye-mysli и kak-izbavitsya-ot-trevozhnosti-i-navyazchivyh-mysley
grud-v-podrostkovom-vozraste,,физиология пубертата у подростков — чувствительная медицинская зона
shagov-k-stabilnoy-samootsenke,,"запрос конкретной книги («7 шагов», Бёрнс); дубль kak-povysit-samoocenku"
bessoznatelnom-sostoyanii-postradavshego,,транспортировка пострадавшего без сознания — первая помощь
grustnoe-rasstavanie,,"запрос грустного видео «до слёз», а не тема"
profilaktika-bullinga,,планы мероприятий и методички для школы; тема закрыта prichiny-bullinga и priznaki-bullinga
trevozhnost-hanina,,шкала Спилбергера—Ханина — диагностическая методика
srednyaya-depressiya,,степень тяжести депрессии — диагностика
vysokaya-trevozhnost,,"дубль kak-spravitsya-s-trevogoy, своих ключей нет"
stress-vygoraniya,,склейка «стресс выгорания» плюс книга; тема закрыта chto-takoe-stress и vygoranie
v-protsesse-vospitaniya-rebenok-tsennosti,,дубль строки 51 про ценности в воспитании
zanizhennaya-samootsenka,,дубль priznaki-nizkoy-samoocenki
perehodnyy-vozrast-stendap,,стендап-концерт
devushka-v-otnosheniyah-s-muzhchinoy,,"склейка «девушка в отношениях с мужчиной», ключи из разных запросов"
kak-perezhit-razvod-s-muzhem,,дубль существующей статьи kak-perezhit-razvod
bulling-podrostkov,,дубль строки 18 «буллинг в школе»
psihologicheskoe-vygoranie,,дубль vygoranie
samootsenka-lichnosti,,академическая диагностика самооценки (Айзенк) — реферат
roditelskoe-vospitanie-detey,,педагогика и «ненадлежащее воспитание» — нормативка
psihologicheskaya-depressiya,,навигационный запрос — ключи про поиск психолога при депрессии
elektroliticheskaya-dissotsiatsiya,,"химия: электролитическая диссоциация, омоним психологического термина"
depressiyu-pobedit,,"запрос про книгу Роберта Лихи «Победи депрессию», а не про тему"
magniy-ot-trevozhnosti,,препараты и БАДы — ТЗ запрещает лечение
psihologiya-privyazannosti,,дубль существующих tipy-privyazannosti и privyazannost-v-otnosheniyah
vospitanie-detey-s-narusheniyami,,дефектология и клиника у детей — вне тематики блога
posle-rasstavaniya-stal,,"обрывок фразы, тема перекрыта «жизнью после расставания»"
tsentr-vospitaniya-detey,,навигационный запрос — поиск детского центра
sindrom-vygoraniya-ozvuchka,,"аниме с озвучкой, не тема"
listok-samootsenki,,"школьный бланк оценивания «выполнено верно», а не самооценка личности"
depressiya-slushat,,аудио: «слушать онлайн бесплатно»
zabyt-posle-rasstavaniya,,дубль существующей статьи kak-zabyt-cheloveka
den-posle-rasstavaniya,,"склейка разных запросов (день рождения / следующий день), темы нет"
trudovoy-vospitanie-detey,,педагогическая методичка ДОУ — трудовое воспитание
tihoe-rasstavanie,,"фильм с русской озвучкой, не тема"
esteticheskoe-vospitanie-detey,,педагогическая методичка — цели и задачи эстетического воспитания
devochka-depressiya,,депрессия у девочки-подростка — клиника в самой чувствительной зоне
zhertva-bullinga,,дубль prichiny-bullinga: роли в травле там уже разобраны
sublimatsiya-v-psihologii,,дубль существующей статьи slovar-sublimaciya
kak-povysit-samootsenku-i-uverennost-v-sebe,,дубль kak-povysit-samoocenku и uverennost-v-sebe
chelovek-podrostkovogo-vozrasta,,"склейка лемматизатора, тема перекрыта статьями о подростковом возрасте"
skolko-dlitsya-depressiya,,"стадии, степени и сроки лечения депрессии — запрещённая диагностика"
litvak-samootsenka,,"запрос про книгу Бориса Литвака, «читать онлайн бесплатно»"
emotsionalnaya-trevozhnost,,"склейка лемматизатора, тема перекрыта статьями о тревожности"
rasstavanie-sovety,,дубль существующей статьи kak-perezhit-rasstavanie
rasstavaniya-slushat,,песня: «слушать онлайн бесплатно»
psihologicheskaya-trevozhnost,,навигационный запрос — поиск психолога по тревожности
podrostkovyy-vozrast-do-skolki,,дубль существующей статьи etapy-podrostkovogo-vozrasta
mladshiy-podrostkovyy-vozrast,,вузовский конспект — ведущая деятельность и новообразования возраста
kak-perezhit-rasstavanie-s-lyubimym,,дубль существующей статьи kak-perezhit-rasstavanie
katarsis-novgorod,,навигационный запрос — адрес и режим работы диспансера
psihologiya-rasstavaniya,,дубль stadii-rasstavaniya и kak-perezhit-rasstavanie
dissotsiatsiya-v-psihologii,,"дубль slovar-dissociaciya, основная масса ключей — химия"
podrostkovyy-vozrast-devushek,,"склейка, ключи про подростковые знакомства"
katarsis-velikiy,,навигационный запрос — адрес и режим работы клиники
depressiya-na-ekg,,кардиология: депрессия сегмента ST на ЭКГ
refleksiya-cheloveka,,дубль существующих refleksiya и slovar-refleksiya
kak-vernut-devushku-posle-rasstavaniya,,"«как вернуть» с приворотными молитвами, мужская перспектива запроса"
vospitanie-detey-v-drugom,,"ранобэ «Воспитание детей в другом мире», не тема"
samootsenka-devushka,,дубль priznaki-nizkoy-samoocenki и kak-povysit-samoocenku
diagnostika-trevozhnosti,,"диагностические шкалы тревожности — Филлипс, Прихожан"
bulling-travlya,,дубль существующих статей о буллинге
rezka-perepada-nastroeniya,,"склейка лемматизатора, дубль perepady-nastroeniya"
rezkie-perepady-nastroeniya,,"дубль perepady-nastroeniya, ключи про психиатрический диагноз"
vygoranie-depressiya,,запрос про книгу Клауса Бернхардта плюс разграничение диагнозов
proektsiya-v-psihologii,,дубль существующей статьи slovar-proekciya
refleksiya-na-uroke,,педагогика — приём рефлексии на уроке
vyrazhennaya-depressiya,,степени тяжести депрессии — запрещённая диагностика
kulturnoe-vospitanie-detey,,педагогическая методичка — цели культурного воспитания
formirovaniya-samootsenki,,"дубль prichiny-samoocenki, остальные ключи про учащихся и педагогику"
svyazannyh-s-vospitaniem-detey,,"юридическая нормативка — споры о воспитании, постановление пленума"
professionalnoe-emotsionalnoe-vygoranie,,дубль vygoranie-na-rabote и vygoranie
kak-izbavitsya-ot-bespokoystva,,дубль kak-spravitsya-s-trevogoy и kak-uspokoit-trevozhnost
podrostkovyy-shkolnyy-vozrast,,вузовская возрастная периодизация
transformery-geshtalty,,"игрушки «Трансформеры», не тема"
trigger-v-psihologii,,дубль существующей статьи slovar-trigger
vnutrennyaya-trevozhnost,,"склейка лемматизатора, дубль статей о тревожности"
kak-spravitsya-s-obidoy,,дубль существующей статьи kak-otpustit-obidu
trevozhnost-golova,,смесь мультфильма «Головоломка» и соматических жалоб
psihologicheskaya-samootsenka,,навигационный запрос — поиск психолога по самооценке
samootsenka-povedeniya,,"склейка лемматизатора, темы нет"
profilaktika-professionalnogo-vygoraniya,,дубль строки «профилактика эмоционального выгорания» в этом же плане
pravilnye-otnosheniya-s-muzhchinoy,,дубль kak-stroit-otnosheniya-s-muzhchinoy и zdorovye-otnosheniya
geshtalt-v-psihologii,,дубль slovar-geshtalt и geshtalt-terapiya
vzroslye-podrostkovogo-vozrasta,,вузовский конспект — чувство взрослости в подростковом возрасте
psihologiya-vospitaniya-detey,,"слишком общая тема, дубль существующих статей о воспитании в семье"
pedagogicheskoe-soprovozhdenie-vospitaniya-rebenka,,"педагогическая теория — принципы, теории и сопровождение воспитания"
dissotsiatsiya-kislot,,химия: диссоциация кислот
serdechnaya-privyazannost,,индийский фильм 2003 года
depressiya-chitat,,книжно-пиратский запрос «читать бесплатно»
trevozhnost-nochyu,,дубль trevozhnaya-bessonnica
geshtalty-dubtsova,,песня Ирины Дубцовой «Гештальты»
tehnika-snizheniya-trevozhnosti,,"дубль uprazhneniya-ot-trevogi, остальное — диагностические методики"
refleksiya-znaniy,,педагогика — тип урока «рефлексия знаний»
privyazannost-priznaki,,дубль tipy-privyazannosti и статей об избегающей привязанности
pri-dissotsiatsii-obrazuyutsya,,"химия: ионы, образующиеся при диссоциации"
samootsenka-emotsionalnyh,,"склейка лемматизатора, темы нет"
gigienicheskoe-vospitanie-detey,,санитарно-гигиеническая методичка
razvitie-fizicheskogo-vospitaniya-detey,,педагогическая нормативка — физическое воспитание в ДОУ
samootsenka-psihicheskih,,психодиагностическая методика Айзенка
predstaviteli-bessoznatelnogo,,"склейка лемматизатора, дубль темы бессознательного"
chem-depressiya-otlichaetsya-ot-depressii,,склейка лемматизатора: «чем депрессия отличается от депрессии»
dissotsiatsiyu-veschestv,,химия: диссоциация веществ
psihologiya-otnosheniy-chitat,,книжно-пиратский запрос «читать онлайн бесплатно»
byvshaya-posle-goda-rasstavaniya,,мужская перспектива запроса (про бывшую девушку) — мимо аудитории
prihozhan-trevozhnost,,психодиагностическая шкала А. М. Прихожан
horoshiy-geshtalt,,фильм «Закрыть гештальт» — «в хорошем качестве»
nachalnoe-vospitanie-rebenka,,"склейка, дубль etapy-vospitaniya-rebenka"
refleksiya-deystviy,,"дубль refleksiya, ключи из педагогики"
emotsionalnoe-vygoranie-simptomy,,дубль kak-ponyat-chto-u-tebya-vygoranie и stadii-vygoraniya
kak-perezhit-rasstavanie-s-chelovekom,,дубль существующей статьи kak-perezhit-rasstavanie
razvitie-vospitanie-detey-v-igre,,педагогическая методичка — сюжетно-ролевая игра в ДОУ
psihologicheskoe-emotsionalnoe-vygoranie,,"склейка лемматизатора, дубль статей о выгорании"
druzhba-privyazannost,,"склейка, ключей под самостоятельную тему нет"
bez-vygoraniya,,"обрывок фразы, тема перекрыта профилактикой выгорания"
privyazannost-mezhdu,,"склейка лемматизатора, темы нет"
zdorovaya-samootsenka,,дубль kak-ponyat-samoocenku и vidy-samoocenki
kak-perezhit-rasstavanie-s-muzhchinoy,,дубль существующей статьи kak-perezhit-rasstavanie
metod-refleksii,,педагогика — методы рефлексии на уроке
smert-rasstavaniya,,песня Аллы Пугачёвой «Расставание — маленькая смерть»
kak-pishetsya-depressiya,,орфографический запрос «как пишется слово»
chelovek-s-izbegayuschim-tipom-privyazannosti,,дубль izbegayuschaya-privyazannost-v-otnosheniyah
podrostkovom-vozraste-veduschey-yavlyaetsya,,вузовский конспект — ведущая деятельность по Эльконину
sotsialnye-otnosheniya-psihologiya,,вузовский конспект по социальной психологии
vospitaniya-detey-bez-roditeley,,юридическая нормативка — формы устройства детей без родителей
polnoy-dissotsiatsii,,химия: полная диссоциация
kak-pravilno-depressiya,,орфографический запрос «депрессия или дипрессия»
dissotsiatsiya-rastvora,,химия: диссоциация раствора
stepen-dissotsiatsii,,химия: степень диссоциации
vospitanie-dopolnitelnoe-obrazovanie-detey,,нормативка — закон об образовании и система допобразования
emotsionalnaya-depressiya,,"склейка лемматизатора, темы нет"
polovoe-bessilie,,"медицинская тема, ключи-мусор про насилие и наркотики"
psihologiya-odinochestva,,дубль существующей статьи chuvstvo-odinochestva
bulling-v-klasse,,дубль kak-spravitsya-s-bullingom и priznaki-bullinga
pravilnaya-samootsenka,,склейка со школьным тестом «правильный ответ о самооценке»
trevozhnost-serdtsa,,"соматические жалобы — сердцебиение и боль в сердце, область врача"
trevozhnost-k-kakomu-vrachu,,медицинская маршрутизация — к какому врачу идти
uchebnaya-refleksiya,,педагогика — рефлексия учебной деятельности
refleksiya-klass,,педагогика — рефлексия на уроке в классе
frustratsiya-v-psihologii,,дубль существующей статьи slovar-frustraciya
psihologiya-podrostkovogo-vozrasta,,дубль существующей статьи psihologiya-podrostka
semya-rabochaya-vospitaniya-detey,,"склейка лемматизатора, темы нет"
vmeste-posle-rasstavaniya,,мистика — онлайн-сервисы «будем ли мы вместе»
suitsidalnaya-depressiya,,"суицидальная тематика — риск для читателя, не формат блога"
formirovanie-refleksii,,педагогика — формирование рефлексии у учащихся
psihologicheskoe-vospitanie-rebenka,,"склейка «психологическое воспитание», дубль статей о воспитании"
vremena-velikoy-depressii,,экономическая история США — Великая депрессия
u-rebenka-isterika-posle,,"обрывок фразы, дубль темы истерик у ребёнка"
samootsenka-vozrasta,,вузовский конспект — возрастные особенности самооценки
stress-emotsionalnoe-vygoranie,,"служебный конспект МЧС, дубль статей о выгорании"
privyazannosti-v-zhizni,,запрос про книгу Петрановской «Тайная опора»
chitat-samootsenka,,книжно-пиратский запрос «читать онлайн»
skuchat-posle-rasstavaniya-muzhchina,,дубль строки «отношение мужчин после расставания» в этом же плане
bulling-uchiteley,,"узкая профессиональная тема, перекрыта bulling-na-rabote"
ratsionalizatsiya-neravenstv,,математика — метод рационализации неравенств
psihologiya-posle-rasstavaniya,,навигационный запрос — советы психолога после расставания
refleksiya-pedagoga,,педагогика — профессиональная рефлексия педагога
odinochestvo-prichiny,,"дубль chuvstvo-odinochestva, второй ключ — школьное изложение ОГЭ"
s-depressiey-berut-v-armiyu,,призывная нормативка — берут ли в армию с депрессией
zanyatie-refleksiya,,педагогика — рефлексия в конце занятия
detskaya-psihologiya-rebenka,,склейка плюс навигационный поиск детского психолога
kak-vyyti-iz-depressii-zhenschine,,дубль существующей статьи kak-vyyti-iz-depressii
poslerodovaya-depressiya-skolko,,"дубль depressiya-posle-rodov, запрос о сроках течения"
kak-nazyvaetsya-bulling,,"дубль vidy-bullinga, справочный запрос о термине"
emotsionalnoe-vygoranie-pedagogov,,дубль строки «выгорание педагога» в этом же плане
preodolenie-trevozhnosti,,Книжный запрос (Джиллиан Батлер) + дубль socialnaya-trevozhnost и kak-uspokoit-trevozhnost
chuvstvo-paniki,,Дубль kak-spravitsya-s-panikoy и slovar-panicheskaya-ataka
irina-geshtalt-geshtalt,,Навигационный запрос: поиск конкретного психолога (Ирина Нужненкова)
privyazannost-chitat,,Навигационный книжный запрос «читать онлайн»
sposob-depressiya,,Склейка «способ депрессия»; ключи «причины признаки и способы» — чек-лист диагноза; дубль kak-vyyti-iz-depressii
sobstvennaya-refleksiya,,Педагогическая формулировка (рефлексия собственной деятельности); дубль refleksiya
sotsialnaya-deprivatsiya,,Академико-педагогический термин; дубль slovar-deprivaciya
hudozhestvennoe-vospitanie-detey,,Педагогическая нормативка: задачи художественного воспитания в ДОУ
depressiya-rasstroystvo-simptomy,,Диагностика и лечение: симптомы как чек-лист диагноза (запрет ТЗ)
pri-dissotsiatsii-veschestv-obrazuetsya,,Химия: омоним «диссоциация»
kak-pishetsya-geshtalt,,Орфографический запрос; дубль slovar-geshtalt
podrostkovyy-vozrast-u-detey,,Дубль perehodnyy-vozrast-u-detey и psihologiya-podrostka
depressiya-robert,,"Навигационный запрос по авторам (Лихи, Сапольски)"
privyazannost-k-drugomu-cheloveku,,Дубль kak-otlichit-privyazannost и privyazannost-v-otnosheniyah
ruminatsiya-eto-v-psihologii,,Дубль slovar-ruminaciya и navyazchivye-mysli
professionalnaya-refleksiya,,Педагогическая нормативка (рефлексия профессиональной деятельности педагога)
diagnostika-vygoraniya,,"Диагностика и шкалы (Бойко, Водопьянова) — запрет ТЗ"
otsenka-refleksii,,Педагогическая нормативка: контроль-оценка-рефлексия на уроке
otsenka-trevozhnosti,,Диагностические шкалы + детская тревожность
psihologiya-mezhlichnostnyh-otnosheniy,,"Академический вузовский запрос (предмет социальной психологии, малые группы)"
vygoranie-na-solntse,,Омоним: выгорание волос и цвета на солнце
samokontrol-samootsenka,,Педагогическая нормативка: самоконтроль и самооценка учебной деятельности
stolpov-samootsenki,,Книжный запрос: «Шесть столпов самооценки» Брандена
bessoznatelnaya-lichnost,,Академический психоаналитический запрос; дубль psihoanaliz-prostymi-slovami
chuvstvo-trevogi-posle,,"Ключи про алкоголь, запой, кофе, еду — физиология и наркология, а не самопомощь"
pri-polnoy-dissotsiatsii-1-mol-obrazuetsya,,Химия: омоним «диссоциация»
sposobnost-k-refleksii,,"Педагогические ключи (рефлексия способов деятельности, методики); дубль refleksiya"
vospitanie-detey-avtor,,Склейка «воспитание детей автор» + навигация по авторам книг; дубль tipy-vospitaniya-detey
metody-samootsenka,,Педагогическая нормативка: методы самооценки учебной деятельности
kak-izbavitsya-ot-vnutrenney-trevozhnosti,,Дубль kak-uspokoit-trevozhnost
vospitanie-aktivnyh-detey,,Педагогическая нормативка: воспитание познавательной активности в ДОУ
katarsis-slushat,,"Музыкальный запрос: группа «Катарсис», слушать онлайн"
bessoznatelnaya-psihika,,Академический вузовский запрос по общей психологии
samootsenka-slushat,,Навигационный запрос: поиск аудиокниги
depressiya-povedenie,,Лечение (КПТ-протокол депрессии); дубль kpt-chto-eto
silnaya-samootsenka,,Склейка «сильная самооценка»; дубль kak-povysit-samoocenku
bessoznatelnoe-otnoshenie,,"Книжно-академический запрос (Фрейд, Юнг)"
perlz-geshtalt,,Книжный и персональный запрос: книги Перлза
regressiya-v-psihologii,,Дубль slovar-regressiya
effektivnaya-depressiya,,"Склейка лемматизатора: «эффект», «побочный эффект» и депрессия"
klassicheskoe-vospitanie-detey,,Склейка «мастер-класс» и «начальные классы»; педагогика
samootsenka-ayzenka,,Диагностическая методика: опросник самооценки психических состояний Айзенка
kompleks-sindrom-samozvantsa,,Дубль sindrom-samozvanca и slovar-sindrom-samozvanca
sovremennye-kontseptsii-vospitaniya-rebenka,,Педагогическая нормативка: концепции и цели воспитания
obrazovanie-detskiy-psiholog,,Навигационный запрос про обучение; дубль nuzhno-li-psihologu-obrazovanie
bulling-v-koreyskih-shkolah,,Новостной и дорамный запрос про школы других стран
osvobozhdenie-ot-sozavisimosti,,Книжный запрос (Уайнхолды); дубль sozavisimost
samootsenka-pomogaet,,Склейка «самооценка помогает»; дубль kak-povysit-samoocenku
sozavisimost-uaynhold,,Навигация по книгам и авторам; дубль sozavisimost
adekvatnaya-samootsenka,,Дубль vidy-samoocenki и kak-ponyat-samoocenku
metod-introspektsii,,"Академический вузовский запрос (Вундт, психология сознания)"
gruppy-bullinga,,Школьная профилактическая рамка; дубль vidy-bullinga и prichiny-bullinga
formirovanie-podrostkovogo-vozrasta,,Академическая формулировка; дубль psihologiya-podrostka
lyubovnitsa-posle-rasstavaniya,,"Склейка лемматизатора: любовница, любовник и любовь в одной фразе"
kak-perezhit-rasstavanie-s-devushkoy,,Запрос мужской аудитории («как вернуть девушку»); дубль kak-perezhit-rasstavanie
refleksiya-myshlenie,,Педагогика: технология развития критического мышления
vliyanie-samootsenka,,Дубль prichiny-samoocenki («От чего зависит самооценка»)
proverka-ekrana-na-vygoranie,,Омоним: выгорание пикселей на экране
depressiya-ritma,,Медицинский омоним: депрессия альфа-ритма и синусового ритма
lichnost-podrostkovyy-vozrast,,Академическая формулировка; дубль psihologiya-podrostka
puls-v-bessoznatelnom-sostoyanii,,"Медицинский запрос про первую помощь, омоним «бессознательное»"
zadanie-refleksiya,,Педагогическая нормативка: рефлексия домашнего задания
nochnye-isteriki-u-rebenka,,Медицинская тема сна у малышей (ночные страхи) — детская клиника
protiv-bullinga,,Дубль kak-spravitsya-s-bullingom
kak-nazyvaetsya-perehodnyy-vozrast,,Терминологический запрос; дубль perehodnyy-vozrast-u-detey
isterika-u-rebenka-nochyu,,Дубль nochnye-isteriki-u-rebenka; медицинская тема сна у малышей
privyazannost-simpatiya,,Дубль kak-otlichit-privyazannost
refleksiya-uchaschihsya,,Педагогическая нормативка: рефлексия деятельности учащихся
privyazannost-levin,,Книжный запрос: Амир Левин и Рэйчел Хеллер
bulling-psihologi,,Дубль vidy-bullinga (психологический буллинг как вид)
muzhskoe-bessilie,,Головная фраза о мужском сексуальном здоровье — медицина; тема чувства бессилия закрыта в sindrom-bespomoschnosti
zaschitnye-mehanizmy-cheloveka,,Дубль zaschitnye-mehanizmy
est-li-u-menya-depressiya,,Дубль kak-ponyat-chto-u-tebya-depressiya; ключи — мемные строчки из песни
kak-vyyti-iz-depressii-posle,,Склейка «выйти из депрессии после»; дубль kak-vyyti-iz-depressii
rasstroystvo-privyazannosti,,Клинический диагноз (реактивное расстройство привязанности) у детей
refleksiya-lichnosti,,Академико-педагогическая формулировка; дубль refleksiya
kak-izbavitsya-ot-straha-i-trevogi,,Дубль kak-izbavitsya-ot-straha и kak-spravitsya-s-trevogoy
dissotsiatsiya-natriy,,Химия: омоним «диссоциация»
iony-1-obrazuyutsya-pri-dissotsiatsii,,Химия: омоним «диссоциация»
novoobrazovanie-podrostkovogo-vozrasta,,Академический термин из учебника возрастной психологии
uchebnaya-samootsenka,,Педагогическая нормативка: самооценка учебных действий (ФГОС)
separatsiya-v-psihologii,,Дубль slovar-separaciya
podarok-posle-rasstavaniya,,"Бытовой и этикетный вопрос о возврате подарков, а не психологическая тема"
dissotsiatsiya-sulfatov,,Химия: омоним «диссоциация»
kogda-zakanchivaetsya-perehodnyy-vozrast,,Дубль etapy-podrostkovogo-vozrasta и perehodnyy-vozrast-u-detey
esli-zhenschina-posle-rasstavaniya,,"Склейка женского и мужского взгляда («как ведёт», «пишет ли»); дубль kak-perezhit-rasstavanie"
dorki-trevozhnost,,"Диагностическая методика: тест тревожности Тэммл — Дорки — Амен, детская"
pravovoe-vospitanie-detey,,"Юридическая и религиозная нормативка (права детей, православное воспитание)"
rol-semi-v-vospitanii-rebenka,,Педагогическая формулировка; дубль vospitanie-detey-v-seme
separatsiya-ot-detey,,Склейка: сепарация родителя от детей и тревога разлуки у малышей; дубль opustevshee-gnezdo
samootsenka-lyubov-k-sebe,,Дубль kak-prinyat-i-polyubit-sebya и kak-povysit-samoocenku
plohoe-nastroenie-depressiya,,Склейка «для поднятия настроения»; дубль kak-ponyat-chto-u-tebya-depressiya
vospitanie-detey-znachenie,,Педагогическое определение; дубль vospitanie-detey-v-seme
vneshniy-lokus-kontrolya,,Дубль lokus-kontrolya
psiholog-kak-perezhit-rasstavanie,,Навигационный запрос («советы психологов»); дубль kak-perezhit-rasstavanie
psihologiya-otnosheniya-lichnostey,,Склейка лемматизатора и вузовская формулировка
dissotsiatsiya-nitratov,,Химия: омоним «диссоциация»
tayna-privyazannosti,,Книжный запрос: «Тайная опора» Петрановской
derealizatsiya-prohodit,,Игровой запрос («дереализация роблокс прохождение»); дубль slovar-derealizaciya
dissotsiatsiya-hloridov,,Химия: омоним «диссоциация»
refleksiya-v-kontse,,Педагогическая нормативка: рефлексия в конце урока
ratsionalizatsiya-logarifmicheskih,,Математика: омоним «рационализация»
meditatsiya-ot-trevozhnosti,,Дубль meditaciya-dlya-uspokoeniya («снять тревогу и стресс»)
detskaya-psihologiya-pedagogika,,Должностная нормативка: документация и циклограмма педагога-психолога ДОУ
vygoranie-meditsinskih,,Склейка «выгорание медицинских»; закрыто темой professionalnoe-vygoranie-spetsialistov
bogatye-deti-v-depressii,,Мемный и товарный запрос (футболки)
kak-pravilno-geshtalt,,Орфографический запрос; дубль slovar-geshtalt
posle-rasstavaniya-hochetsya,,Склейка «после расставания хочется»; закрыто темой vozvraschayutsya-li-posle-rasstavaniya
otnosheniya-s-devushkoy-posle-rasstavaniya,,Запрос мужской аудитории; дубль kak-perezhit-rasstavanie
devushka-posle-rasstavaniya-srazu,,Запрос мужской аудитории («девушка сразу нашла другого»)
samootsenka-pedagoga,,Педагогическая нормативка: самооценка педагогической деятельности для аттестации
kak-postroit-otnosheniya-s-muzhchinoy,,Дубль kak-stroit-otnosheniya-s-muzhchinoy
geshtalt-terapiya-perlz-terapii,,Книжный и персональный запрос; дубль geshtalt-terapiya
vospolzovalsya-bespomoschnostyu,,"Запрос порнографического характера, не тема"
proekt-refleksii,,Педагогическая нормативка: рефлексия проектной деятельности
formirovanie-privyazannostey,,Дубль tipy-privyazannosti («как ранний опыт определяет наши отношения»)
katarsis-ptitsu,,Музыкальный запрос: текст песни
prichiny-velikoy-depressii,,Исторический омоним (Великая депрессия в США); дубль prichiny-depressii
refleksiya-gruppy,,Педагогическая нормативка: рефлексия групповой работы на уроке
rasstavanie-v-matritse,,Эзотерика: матрица судьбы и арканы — запрет ТЗ
vospitanie-rebenka-s-sdvg,,Клиническая тема у детей (СДВГ) + книжный запрос (Баркли)
rasstavanie-s-chelovekom-eto,,Дубль kak-perezhit-rasstavanie и kak-zabyt-cheloveka
psihologicheskaya-refleksiya,,Дубль slovar-refleksiya и refleksiya
samootsenka-kak-povysit-psihologiya,,Дубль kak-povysit-samoocenku
buzova-geshtalt,,Запрос про шоу-бизнес и звёзд
narushenie-privyazannosti,,Клиническая тема у детей: нарушения привязанности и их терапия
bolshe-grudi-v-podrostkovom-vozraste,,Медицинская тема: физическое развитие и боли у подростков
stress-frustratsiya,,"Академическая вузовская связка (аффект, стресс, фрустрация); дубль slovar-frustraciya"
metody-vytesneniya,,Технический омоним (замена масла методом вытеснения); дубль slovar-vytesnenie
posle-perehodnogo-vozrasta,,Склейка: подростковый возраст и «переходный возраст после 40»; дубль krizis-srednego-vozrasta
sovety-detskogo-psihologa,,Навигационный запрос: поиск специалиста и его советов
shkolnaya-trevozhnost-fillipsa,,Диагностическая методика: тест школьной тревожности Филлипса
tsentr-detskoy-psihologii,,Навигационный запрос: поиск центра детской психологии
bulling-pravilnyy,,Орфографический и игровой запрос («правила игры»)
bitti-sozavisimost,,Книжный запрос: Мелоди Битти; дубль sozavisimost
kak-izbavitsya-ot-navyazchivoy-trevozhnosti,,Дубль kak-izbavitsya-ot-trevozhnosti-i-navyazchivyh-mysley
sulfat-obrazuetsya-pri-dissotsiatsii,,Химия: омоним «диссоциация»
samootsenka-sovety,,Склейка «самооценка советы»; дубль kak-povysit-samoocenku
privyazannost-k-sobake,,"запрос про поведение собаки и кроссворд, не про читательницу"
kak-izbavitsya-ot-stressa-i-trevogi,,дубль интента: kak-spravitsya-s-trevogoy.md + snyatie-stressa.md
formuly-ratsionalizatsii,,ключи про рационализацию производства и математику; психология закрыта темой ratsionalizatsiya-v-psihologii
detskiy-oblast-psiholog,,склейка лемматизатора + навигационный поиск детского психолога
nagoski-vygoranie,,"ищут книгу Нагоски, а не статью"
psihicheskoe-vygoranie,,"дубль vygoranie.md, тот же интент"
sotsialnaya-trevozhnost-zastenchivost,,дубль socialnaya-trevozhnost.md; в ключах шкала Либовица
kak-vyyti-iz-depressii-sovety,,дубль kak-vyyti-iz-depressii.md
kognitivnaya-terapiya-depressii,,лечение депрессии — запрет ТЗ; КПТ закрыта kpt-chto-eto.md
geshtalt-genshin,,про игру Genshin Impact
geshtalt-chitat,,ищут книгу «Закрыть гештальт» онлайн
profilaktika-bullinga-v-shkole,,педагогическая нормативка: план и программа профилактики для школы
perezhivanie-rasstavaniya,,дубль kak-perezhit-rasstavanie.md; в ключах песня
rasslablennaya-privyazannost,,"склейка: такого типа привязанности нет, кластер закрыт tipy-privyazannosti.md"
psihicheskaya-deprivatsiya,,дубль slovar-deprivaciya.md; ключи про депривацию у детей — клиника
metody-kakie-vospitaniya-rebenka,,склейка + дубль tipy-vospitaniya-detey.md
trahnul-posle-rasstavaniya,,"мусорный запрос, не тема блога"
novye-refleksii-uroka,,"школьная методика «рефлексия на уроке», не психологическая рефлексия"
geshtalt-vyrazheniya,,дубль slovar-geshtalt.md: спрашивают значение выражения
izmena-posle-rasstavaniya,,склейка «изменил/изменилась»; тема закрыта kak-perezhit-izmenu.md
v-v-boyko-emotsionalnoe-vygoranie,,диагностическая методика Бойко + поиск автора
pozdravlenie-s-otnoshenie-s-muzhchinoy,,"ищут тексты поздравлений, не психологию"
katarsis-yakovleva,,навигационный: адрес заведения «Катарсис» на улице Яковлева
matritsa-ot-depressii,,эзотерика: матрицы Гаряева
gormon-trevozhnosti,,"медицинский вопрос про гормоны, вне компетенции блога"
detskiy-semeynyy-psiholog,,навигационный: поиск услуги психолога
dissotsiatsiya-gidroksidov,,"химия: электролитическая диссоциация, не психология"
lichnoe-vygoranie,,дубль vygoranie.md
emotsionalnye-kacheli-pochemu,,дубль perepady-nastroeniya.md и emocionalnye-kacheli-v-otnosheniyah.md
ploho-ot-depressii,,склейка лемматизатора; тема закрыта kak-perezhit-depressiyu.md
klassy-dissotsiatsii,,"химия: электролитическая диссоциация, не психология"
sposoby-frustratsii,,диагностическая методика Розенцвейга; термин закрыт slovar-frustraciya.md
vodopyanova-vygoranie,,ищут методику и автора Водопьянову
samootsenka-audiokniga,,"ищут аудиокнигу, а не статью"
psihologicheskiy-abyuz,,дубль slovar-abyuz.md и abyuzivnye-otnosheniya.md
kak-povysit-samootsenku-knigi,,ищут книги; тема закрыта kak-povysit-samoocenku.md
rebenok-obekt-vospitaniya,,педагогическая теория для студентов: субъект и объект воспитания
sotsialnoe-razvitie-podrostkovogo-vozrasta,,"учебная формулировка «социальная ситуация развития», запрос студенческий"
dissotsiatsiya-alyuminiya,,"химия: электролитическая диссоциация, не психология"
insayt-v-psihologii,,дубль slovar-insayt.md; часть ключей — психологический центр
vygotskiy-detskaya-psihologiya,,ищут учебник Выготского
vygoranie-emili,,ищут книгу Эмили Нагоски
interpretatsiya-depressii,,"склейка: «интернет депрессии», «депрессия интервью»"
osoznannoe-bessoznatelnoe,,дубль темы бессознательного (bessoznatelnaya-opredelenie)
psihiki-depressiya,,склейка лемматизатора + клиническая формулировка
geshtalt-perevod,,дубль slovar-geshtalt.md: перевод слова с немецкого
psihologicheskie-zaschitnye-mehanizmy,,дубль zaschitnye-mehanizmy.md
psihologiya-otnosheniy-slushat,,ищут аудиокнигу или подкаст
tuz-zhezlov-otnosheniya-s-muzhchinoy,,эзотерика: расклады таро
dissotsiatsiya-kaltsiya,,"химия: электролитическая диссоциация, не психология"
vlyubilsya-posle-rasstavaniya,,смесь песни и интента «как влюбить и вернуть» — вредный совет
sozavisimosti-chitat,,ищут книгу про созависимость
ishemicheskaya-depressiya,,"кардиология: депрессия сегмента ST, не психология"
povyshena-trevozhnost-chto-delat,,дубль povyshennaya-trevozhnost-u-vzroslyh.md
bessoznatelnoe-proyavleniya,,первая помощь: признаки бессознательного состояния пострадавшего
depressiya-pri-beremennosti,,"клиническая тема у беременных, требует врача"
klassy-elektroliticheskoy-dissotsiatsii,,"химия: электролитическая диссоциация, не психология"
vygoranie-chitat,,ищут книгу онлайн
otnosheniya-s-manipulyatorom-muzhchinoy,,дубль manipulyacii-v-otnosheniyah.md
mobbing-stadii,,дубль mobbing-na-rabote; «стадии» — диагностическая рамка
valentina-sozavisimost,,ищут лекции Валентины Москаленко
plenum-vospitanie-detey,,юридическая нормативка: пленум Верховного суда
bessoznatelnoe-sostoyanie-transportirovka,,первая помощь и транспортировка пострадавшего
spetsifika-vospitaniya-detey,,склейка «специфика/специалист» + дубль кластера воспитания
pri-dissotsiatsii-nitrata-natriya-obrazuetsya,,"химия: электролитическая диссоциация, не психология"
detskaya-psihologiya-otvety,,навигационный: ищут консультацию детского психолога
ignor-posle-rasstavaniya,,дубль byvshiy-muzh-posle-rasstavaniya
agressor-bullinga,,дубль prichiny-bullinga.md и vidy-bullinga.md
psihika-podrostkovogo-vozrasta,,клиника у подростков: психические расстройства
dissotsiatsiya-fosfata,,"химия: электролитическая диссоциация, не психология"
tebe-naverno-kazhetsya-chto-nashe-rasstavanie,,"строки песни, не тема"
glitsin-pomogaet-ot-trevozhnosti,,препараты — запрет ТЗ
obestsenivanie-v-psihologii,,дубль slovar-obescenivanie.md
lyublyu-parnya-posle-rasstavaniya,,склейка с интентом «вернуть парня»; тема закрыта kak-zabyt-cheloveka.md
dissotsiatsiya-karbonata,,"химия: электролитическая диссоциация, не психология"
novikova-sozavisimost,,ищут лекции Новиковой
podrostkovaya-trevozhnost,,дубль темы детской тревожности (rabota-s-trevozhnostyu-rebenka)
psihologiya-obschestvennyh-otnosheniy,,"учебная социальная психология, не для читательницы"
dva-mol-ionov-obrazuyutsya-pri-dissotsiatsii,,"химия: электролитическая диссоциация, не психология"
priznaki-vysokoy-empatii,,дубль empatiya.md и slovar-empatiya.md
elkonin-detskaya-psihologiya,,ищут учебник Эльконина
ne-hochu-est-posle-rasstavaniya,,склейка лемматизатора вокруг слова «есть»
metodiki-kopinga,,дубль koping-voprosy
massovaya-skorost-vygoraniya,,"физика горения, не про человека"
konflikt-samootsenki,,учебный термин; дубль vidy-samoocenki.md
priznaki-abyuza-v-otnosheniyah,,дубль priznaki-otnosheniya-s-abyuzerom-muzhchinoy.md
posle-rasstavaniya-pozdravil,,"узкий вопрос, закрыт темой byvshiy-muzh-posle-rasstavaniya"
zaschity-vytesnenie,,дубль slovar-vytesnenie.md
koroleva-v-otnoshenii-s-muzhchinami,,эзотерика: расклады таро
pri-dissotsiatsii-hlorida-natriya-obrazuyutsya,,"химия: электролитическая диссоциация, не психология"
fosfat-kaliya-dissotsiatsiya,,"химия: электролитическая диссоциация, не психология"
priznaki-zhertvy-bullinga,,дубль priznaki-bullinga.md
empatiya-sposobnost-k-emotsionalnomu,,склейка лемматизатора + дубль empatiya.md
kolichestvo-ionov-pri-dissotsiatsii,,"химия: электролитическая диссоциация, не психология"
sozavisimost-zaytseva,,ищут книгу Зайцева «Созависимость — умение любить»
intellektualnye-refleksii,,педагогический термин; дубль slovar-refleksiya.md
pri-dissotsiatsii-hlorida-kaliya-obrazuetsya,,"химия: электролитическая диссоциация, не психология"
zadachi-vospitaniya-rebenka-v-dou,,педагогическая нормативка ДОУ
depressiya-na-samom-dele,,дубль kak-vyyti-iz-depressii.md
razvitie-rebenka-v-podrostkovom-vozraste,,дубль etapy-podrostkovogo-vozrasta.md
kak-povysit-samootsenku-cheloveku,,дубль kak-povysit-samoocenku.md
nartsissizm-dissotsiatsiya,,склейка: перечень типов личности из лекции
pri-dissotsiatsii-fosfata-kaliya-obrazuyutsya,,"химия: электролитическая диссоциация, не психология"
kak-snizit-trevozhnost-u-vzroslogo,,дубль povyshennaya-trevozhnost-u-vzroslyh.md
geshtalt-detstva,,дубль geshtalt-v-otnosheniyah и slovar-geshtalt.md
rigidnost-simptom,,неврология: ригидность мышц; термин закрыт slovar-rigidnost.md
kak-zabyt-devushku-posle-rasstavaniya,,аудитория — мужчина; тема закрыта kak-zabyt-cheloveka.md
golovachev-katarsis,,ищут роман Головачёва «Катарсис»
ratsionalizatsiya-rabochih,,рационализация рабочих мест — производство
psihologicheskoe-vytesnenie,,дубль slovar-vytesnenie.md
detskiy-predmet-psihologiya,,учебный запрос «предмет детской психологии» + поиск психолога
poslerodovaya-depressiya-chto-delat,,дубль depressiya-posle-rodov.md
elektroliticheskuyu-dissotsiatsiyu-kislot,,"химия: электролитическая диссоциация, не психология"
cherty-nizkoy-samootsenki,,дубль priznaki-nizkoy-samoocenki.md
kak-ponyat-chto-nachalsya-perehodnyy-vozrast,,дубль priznaki-podrostkovogo-vozrasta.md и perehodnyy-vozrast-u-detey.md
detskiy-psiholog-vladivostok,,геозапрос: поиск психолога в городе
poznavatelnoy-refleksii,,педагогический термин; дубль slovar-refleksiya.md
rasstavanie-borodiny,,шоу-бизнес: расставание Бородиной
yarost-prichina,,дубль prichiny-zlosti.md
silnye-elektrolity-dissotsiatsiya,,"химия: электролитическая диссоциация, не психология"
osobennosti-podrostkovogo-vozrasta-otvet,,"склейка учебного теста «ответ 1, ответ 2»"
detskaya-podrostkovaya-psihologiya,,навигационный: поиск детского и подросткового психолога
effekt-rasstavaniya,,"ключи про щелчок сустава, к отношениям отношения не имеют"
lebedeva-geshtalt,,ищут книгу Лебедевой
cmas-trevozhnosti-dlya-detey,,"шкала CMAS — диагностика, к тому же у детей"
povedencheskoe-vygoranie,,дубль vygoranie.md и tehniki-vygoraniya.md
otvergayuschaya-izbegayuschaya-privyazannost,,дубль izbegayuschaya-privyazannost-v-otnosheniyah.md
bulling-deviantnoe-povedenie,,суицидальная тематика у подростков + дубль deviantnoe-povedenie-podrostkov.md
ellis-samootsenka,,ищут книгу Альберта Эллиса
bessoznatelnoe-eto-v-psihologii,,дубль bessoznatelnaya-opredelenie
zakryt-geshtalt-skolko,,про сериал «Гештальт»: сколько серий
kak-deti-perezhivayut-razvod-roditeley,,склейка с «как мужчине пережить развод»; тема закрыта vospitanie-detey-v-razvode
obestsenivanie-negativizm,,учебный перечень признаков кризиса трёх лет; истерики закрыты u-rebenka-isterika-chto-delat-2
yanvar-perehodnyy-vozrast,,про музыкальный трек «Переходный возраст»
razdrazhenie-slizistoy-simptomy,,медицина: раздражение слизистой
kvalifikatsiya-detskogo-psihologa,,дубль kak-stat-psihologom.md и nuzhno-li-psihologu-obrazovanie.md
barton-psihologiya-otnosheniy,,ищут автора Марка Бартона
vodopyanova-professionalnoe-vygoranie,,ищут методику Водопьяновой
slova-parnyu-posle-rasstavaniya,,"узкий вопрос, закрыт темой byvshiy-muzh-posle-rasstavaniya"
perehodnyy-pensionnyy-vozrast,,"пенсионное законодательство, не переходный возраст"
detskaya-psihologiya-smirnovoy,,ищут учебник Смирновой
detskiy-psiholog-medvedeva,,ищут конкретного психолога
isterika-u-rebenka-1-mesyats,,"у младенца это плач, вопрос к педиатру; истерики 2–3 лет закрыты отдельной темой"
spetsialnost-detskaya-psihologiya,,профориентация и вузы; дубль kak-stat-psihologom.md
revnost-byvshego-prichiny,,дубль prichiny-revnosti.md
refleksiya-pravilo,,"как правильно проводить рефлексию на уроке — педагогика, не наша тема"
