дата,slug,заголовок,категория,cta,частота,ключи
2026-09-09,otnoshenie-k-dengam,Отношение к деньгам: откуда берутся наши установки о них,Цели и развитие,/coach,3270,отношение к деньгам · правильное отношение к деньгам · отношение людей к деньгам · какое отношение к деньгам · отношение ребенка к деньгам
2026-09-09,otnosheniya-s-zhenatym-muzhchinoy,Отношения с женатым мужчиной: почему так больно ждать,Отношения,/artterapy,3032,отношения с женатым мужчиной · отношения с женатым мужчиной советы · отношения с женатым мужчиной с ребенком · свободные отношения с женатым мужчиной
2026-09-09,samootsenka-podrostka,"Самооценка подростка: как поддержать, когда он себя не любит",Детская психология,/artterapy,2978,самооценка подростка · заниженная самооценка подростков · формирование самооценки подростков · развитие самооценки подростков · особенности самооценки подростков · самооценка девочки подростка · влияние самооценки на подростков · поднятие самооценки подростку
2026-09-09,pisat-posle-rasstavaniya,Писать или не писать бывшему: как решить и потом не жалеть,Отношения,/artterapy,2846,писать после расставания · писать ли после расставания · после расставания не писать первой · после расставания хочу написать · после расставания написала первая · написал после расставания
2026-09-09,otnosheniya-s-muzhchinoy-posle-50,Отношения с мужчиной после 50: как строить близость заново,Отношения,/artterapy,2540,отношения с мужчиной после 50 · отношения с мужчиной после 40 · отношения с мужчиной после 60 лет · отношение с мужчиной после 50 лет · отношения с мужчинами после развода · отношения с мужчиной после 40 лет · после разрыва отношений с мужчиной
2026-09-09,otritsanie-depressiya,"Отрицание: как психика защищает нас от того, что слишком больно",Словарь,/artterapy,2432,отрицание в психологии · психологическое отрицание · отрицание механизм психологической защиты · отрицание депрессия · отрицание гнев торг депрессия принятие смирение · отрицание торг депрессия принятие · психология отрицание принятие
2026-09-09,privyazannost-u-muzhchiny,Привязанность мужчины: как она возникает и чем держится,Отношения,/artterapy,2370,привязанность у мужчины · привязанность мужчины к женщине · эмоциональная привязанность к мужчине · привязанность мужчины и любовь · привязанность мужчины к бывшей
2026-09-09,muzhchina-s-detmi-otnosheniya,"Отношения с мужчиной, у которого есть дети: как выстроить",Отношения,/artterapy,2334,мужчина с детьми отношения · строю отношения с мужчиной с детьми · отношения с мужчиной с двумя детьми · отношения с мужчиной с 2 детьми · отношения с мужчиной живущего с детьми
2026-09-09,terapiya-trevogi,Терапия тревоги: что на самом деле происходит в кабинете,Психология,/online,2329,терапия тревоги · терапия тревожности · когнитивная терапия тревоги · когнитивная терапия тревожности · тревожность арт терапия
2026-09-09,bessoznatelnoe-sostoyanie-cheloveka,Бессознательное: что психика решает за нас без нашего ведома,Словарь,/cards,2307,бессознательное состояние человека · бессознательное в психологии человека · бессознательная психика человека · бессознательные процессы человека · сознательное бессознательное поведение человека · человеческое бессознательное · бессознательное в личности человека · бессознательного поведения человека · сознание человека бессознательное · психика человека сознание бессознательное
2026-09-09,vygoranie-pedagoga,Выгорание педагога: почему учителя сгорают и что помогает,Психология,/coach,2305,выгорание педагога · педагогическое выгорание · психологическое выгорание педагогов · синдром выгорания педагогов · выгорание педагогов доу · эмоциональное выгорание педагогов
2026-09-09,detskaya-psihologiya-knigi,Книги по детской психологии: что почитать родителю,Детская психология,/artterapy,2298,детская психология книги · книги по детской психологии для родителей · книги про детскую психологию · лучшие книги по детской психологии · детский психолог книги
2026-09-09,lichnostnaya-trevozhnost,Личностная и ситуативная тревожность: в чём разница,Словарь,/artterapy,2144,личностная тревожность · ситуативная и личностная тревожность · тревожность личности · высокая личностная тревожность · низкая личностная тревожность · особенности личностной тревожности · тревожность тип личности
2026-09-10,byvshego-parnya-posle-rasstavaniya,Как перестать думать о бывшем и вернуться к своей жизни,Отношения,/artterapy,2119,бывшего парня после расставания · как забыть бывшего после расставания · думаю о бывшем после расставания · чувствую бывшего после расставания · хочу бывшего после расставания · письмо бывшему после расставания · слова бывшему после расставания · вопросы бывшему после расставания
2026-09-10,druzyami-posle-rasstavaniya,Остаться друзьями после расставания: когда это работает,Отношения,/artterapy,2118,друзьями после расставания · остаться друзьями после расставания · лучшие друзья после расставания
2026-09-10,isteriki-u-rebenka-v-god,Истерики у ребёнка в год: что за ними стоит и как быть,Детская психология,/artterapy,2104,истерики у ребенка в год · истерики у ребенка в 1 год · ночная истерика у ребенка в год · у ребенка в год ночью истерика
2026-09-10,profilaktika-emotsionalnogo-vygoraniya,Профилактика выгорания: как не доводить себя до края,Цели и развитие,/coach,2080,профилактика эмоционального выгорания · профилактика синдрома эмоционального выгорания · психологическая профилактика эмоционального выгорания · методы профилактики эмоционального выгорания · профилактика эмоционального выгорания сотрудников · профилактика эмоционального выгорания педагогов
2026-09-10,krizis-separatsii,Кризис сепарации у малыша: когда ребёнок не отпускает,Детская психология,/artterapy,1997,кризис сепарации · кризис сепарации у ребенка · кризис сепарации в год · кризис сепарации в 6 месяцев
2026-09-10,vstrechaemsya-posle-rasstavaniya,Сойтись снова после расставания: стоит ли пробовать,Отношения,/artterapy,1994,встречаемся после расставания · снова встречаться после расставания · встреча после расставания
2026-09-10,normalnyy-podrostkovyy-vozrast,"Подростковый возраст: что в нём нормально, а что пугает зря",Детская психология,/artterapy,1971,нормальный подростковый возраст · нормально ли в подростковом возрасте · норма подросткового возраста
2026-09-10,podrostkovyy-vozrast-chto-delat,Как пережить подростковый возраст ребёнка: опора родителю,Детская психология,/artterapy,1971,подростковый возраст что делать · как пережить подростковый возраст · как пережить переходный возраст · подростковый возраст как помочь · переходный возраст как помочь · как справляться с подростковым возрастом · как справиться с переходным возрастом
2026-09-10,polovoe-vospitanie-detey,Половое воспитание: как говорить с ребёнком о теле,Детская психология,/artterapy,1924,половое воспитание детей · половое воспитание детей лет · книга о половом воспитании для детей
2026-09-10,srazu-posle-rasstavaniya,Он сразу нашёл другую: почему это так больно и что делать,Отношения,/artterapy,1894,сразу после расставания · после расставания сразу нашел другую · нашел сразу после расставания · после расставания сразу с другой
2026-09-10,emotsionalnaya-deprivatsiya,Эмоциональная депривация: когда в детстве не хватало тепла,Психология,/artterapy,1885,эмоциональная депривация · эмоциональная депривация это в психологии · эмоциональная депривация детей · социально эмоциональная депривация
2026-09-10,chuvstvo-razdrazheniya,Постоянное раздражение: откуда оно и что с ним делать,Психология,/artterapy,1830,чувство раздражения · чувство сильного раздражения · чувствовать раздражение · эмоциональное раздражение · чувство обиды и раздражения · раздражение психологическое · психосоматика раздражения · чувство раздражения и неудовольствия
2026-09-10,metodika-samootsenki,Упражнения для повышения самооценки: что делать каждый день,Самопознание,/artterapy,1829,упражнение для самооценки · упражнения для повышения самооценки · способы повысить самооценку · техника повышения самооценки · самооценка техники работы · инструменты самооценки · самооценка практики
2026-09-11,mesyats-otnosheniyam-s-muzhchinoy,"Первые месяцы отношений: что происходит, когда влюблённость тает",Отношения,/artterapy,1786,месяц отношениям с мужчиной · отношения с мужчиной через месяц · отношения с мужчиной 3 месяца
2026-09-11,initsiativa-rasstavaniya,Кто ушёл первым: почему инициатору расставания тоже больно,Отношения,/artterapy,1734,инициатива расставания · инициаторы расставания · парень инициатор расставания
2026-09-11,individualnoe-vospitanie-rebenka,"Ребёнок не такой, как я: воспитание без переделывания",Детская психология,/artterapy,1645,индивидуальное воспитание ребенка · индивидуальный подход в воспитании ребенка · воспитание индивидуальности ребенка · учет индивидуальных особенностей в воспитании ребенка
2026-09-11,proschalnoe-rasstavanie,Прощальное письмо бывшему: как договорить недосказанное,Арт-терапия,/artterapy,1566,прощальное расставание · прощальные слова при расставании · прощальное письмо при расставании · прощальное письмо своими словами при расставании · прощание расставание
2026-09-11,psihologiya-semeynyh-otnosheniy,Психология семейных отношений: что держит пару вместе,Отношения,/artterapy,1548,психология семейных отношений · психология семьи и семейных отношений · психология семейных отношений жены и мужа · психология семейных отношений жены
2026-09-11,narodnoe-vospitanie-detey,Сказки в воспитании ребёнка: что они дают на самом деле,Детская психология,/artterapy,1533,народное воспитание детей · народные сказки в воспитании детей · русские народные сказки в воспитании детей
2026-09-11,otnoshenie-podrostkov-v-podrostkovom-vozraste,Первые отношения подростка: как быть рядом и не мешать,Детская психология,/artterapy,1500,отношения в подростковом возрасте · отношение подростков в подростковом возрасте · подростковые отношения в каком возрасте · социальные отношения в подростковом возрасте
2026-09-11,rasstavanie-lyubyaschih-lyudey,"Расстались, но любим друг друга: почему так бывает",Отношения,/artterapy,1491,расставание любящих людей · расставание двух людей
2026-09-11,depressiya-pered,Тоска перед днём рождения: почему праздник не радует,Психология,/artterapy,1428,депрессия перед днем рождения · депрессия перед днем рождения и плохое настроение · депрессия перед днем
2026-09-11,rasscheplenie-v-psihologii,"Расщепление в психологии: почему человек то хороший, то плохой",Словарь,/artterapy,1399,расщепление в психологии · расщепление личности в психологии
2026-09-11,perenos-v-psihologii,Перенос в психологии: почему в терапевте видят близкого,Словарь,/artterapy,1344,перенос в психологии
2026-09-11,otnoshenie-muzhchin-posle-rasstavaniya,Как мужчины переживают расставание: что с ними происходит,Отношения,/artterapy,1312,отношение мужчин после расставания · расставание с мужчиной после долгих отношений · мужчины новые отношения после расставания
2026-09-11,zhizn-posle-rasstavaniya,Новая жизнь после расставания: как собрать себя заново,Отношения,/artterapy,1308,жизнь после расставания · новая жизнь после расставания · начать жизнь после расставания
2026-09-11,trevozhnost-opredelenie,Тревожность простыми словами: что это и откуда берётся,Словарь,/artterapy,1302,тревожность определение · тревожность это простыми словами · тревожность значение
2026-09-11,chuvstvo-nelovkosti,Чувство неловкости: откуда оно и как перестать сгорать,Психология,/artterapy,1252,чувство неловкости · социальная неловкость · чувство неловкости перед человеком · чувство неловкости и смятения · чувство неловкости застенчивости · неловкость в общении · эмоция неловкости · стыд неловкость
2026-09-11,vozrastnoe-vospitanie-detey,Возрастные особенности ребёнка: почему в три и в семь нужно разное,Детская психология,/artterapy,1185,возрастное воспитание детей · возрастные особенности воспитания детей · воспитание детей разного возраста · учет возрастных особенностей в воспитании детей · воспитание детей младшего возраста · воспитание детей старшего возраста · цели воспитания детей по возрастам · формы воспитания детей по возрастам · возрастная психология воспитание детей · воспитание детей с какого возраста
2026-09-11,posle-rasstavaniya-nachinayu-skuchat,Скучаю по нему: как пережить тоску после расставания,Отношения,/artterapy,1166,после расставания начинаю скучать · скучаю по человеку после расставания · скучаю по тебе после расставания · женщина скучает после расставания
2026-09-11,detskaya-trevozhnost,Тревожный ребёнок: как поддержать и не усилить страх,Детская психология,/artterapy,1164,детская тревожность
2026-09-11,trevozhnost-agressiya,Тревога и агрессия: почему на пике тревоги хочется срываться,Психология,/artterapy,1040,тревожность агрессия · тревожность агрессивность · агрессивная тревожность
2026-09-11,hronicheskoe-vygoranie,Хроническое выгорание: когда усталость стала фоном жизни,Цели и развитие,/coach,1034,хроническое выгорание · выгорание хроническая усталость · синдром хронического выгорания
2026-09-11,chuvstvo-nenuzhnosti,"Чувство ненужности: почему кажется, что вы никому не нужны",Психология,/artterapy,1032,чувство ненужности · ощущение ненужности · чувствую ненужность · одиночество ненужность
2026-09-11,travma-privyazannosti,Травма привязанности: как ранний опыт мешает быть близкой,Отношения,/artterapy,1027,травма привязанности · травматическая привязанность · исцеление травмы привязанности
2026-09-11,professionalnoy-samootsenki,"Профессиональная самооценка: почему кажется, что вы не дотягиваете",Цели и развитие,/coach,1013,профессиональная самооценка · самооценка профессиональной деятельности · самооценка профессиональные качества · самооценка профессии
2026-09-11,rasslablenno-izbegayuschaya-privyazannost,Расслабленно-избегающий тип привязанности: как он проявляется,Отношения,/artterapy,1012,расслабленно избегающая привязанность · расслабленно избегающий тип привязанности
2026-09-11,psihologiya-otnosheniy-posle,Отношения после 40: что меняется и что становится возможным,Отношения,/artterapy,1004,психология отношений после 40 · отношения после 40 лет психология · психология отношений после года отношений
2026-09-12,starshiy-podrostkovyy-vozrast,Старший подростковый возраст: что происходит в 15–17 лет,Детская психология,/artterapy,1003,старший подростковый возраст · старший подростковый возраст 15 лет · период старшего подросткового возраста
2026-09-12,obestsenivanie-cheloveka,Обесценивание: как распознать и что отвечать близкому человеку,Отношения,/artterapy,995,обесценивание человека · обесценивание в отношениях · как реагировать на обесценивание · обесценивание чувств это · обесценивание женщины · обесценивание мужем · идеализация и обесценивание · обесценивание личности · обесценивание фразы · пример обесценивания · обесценивание другого человека · обесценивание защита
2026-09-12,nedelya-posle-rasstavaniya,Первая неделя после расставания: как прожить эти семь дней,Отношения,/artterapy,987,неделя после расставания · через неделю после расставания · прошла неделя после расставания · две недели после расставания
2026-09-12,kak-napisat-o-rasstavanii,"Как сказать о расставании: слова, которые не ранят лишний раз",Отношения,/artterapy,980,как написать о расставании · написать слова расставания · как правильно написать расставания · как написать парню о расставании
2026-09-12,bulling-chto-eto-takoe-prostymi-slovami,Буллинг простыми словами: что это и как его распознать,Словарь,/artterapy,970,буллинг что это такое простыми словами · определение буллинга · буллинг что означает · буллинг это простыми словами в школе · буллинг простыми словами для детей
2026-09-12,privyazannost-k-materi,Привязанность к матери: как она влияет на взрослую жизнь,Отношения,/artterapy,953,привязанность к матери · материнская привязанность · тип привязанности матери
2026-09-12,separatsiya-vzroslogo,Сепарация во взрослом возрасте: почему отделиться так трудно,Отношения,/artterapy,939,сепарация взрослого · сепарация во взрослом возрасте · взрослые дети сепарация · сепарация взрослого сына
2026-09-12,isteriki-u-detey-4,Истерики у ребёнка: почему они случаются и что делать взрослому,Детская психология,/artterapy,905,истерики у детей 4 · возраст истерик у детей · истерики у детей 2 5 лет · истерика у маленьких детей · истерики у детей 8 лет · истерики у детей 10 лет
2026-09-12,kontakt-geshtalt,Цикл контакта в гештальте: как мы встречаемся с потребностью,Психология,/praktik,881,контакт гештальт · цикл контакта гештальт · гештальт прерывание контакта
2026-09-12,otnosheniya-s-muzhchinoy-starshe,Отношения с мужчиной сильно старше: что важно понимать заранее,Отношения,/artterapy,876,отношения с мужчиной старше · отношения с мужчиной старше на 20 лет
2026-09-12,krizis-podrostkovogo-vozrasta,Кризис подросткового возраста: что происходит и как быть рядом,Детская психология,/artterapy,865,кризис подросткового возраста · кризис развития подросткового возраста · подростковый возраст возрастной кризис · периоды кризиса подросткового возраста
2026-09-12,samootsenka-opredelenie,Самооценка простыми словами: что это такое и как она устроена,Словарь,/artterapy,838,самооценка определение · самооценка это простыми словами · определение понятия самооценка · значение самооценки
2026-09-12,posle-rasstavaniya-nashel-druguyu,Он сразу нашёл другую: как пережить это после расставания,Отношения,/artterapy,825,после расставания нашел другую · после расставания быстро нашел · парень после расставания нашел другую
2026-09-12,trevozhnost-v-grudi,Тревога в груди: почему сжимает и как помочь себе дышать,Психология,/online,824,тревожность в груди · чувство тревоги в груди
2026-09-12,kontrperenos-v-psihologii,Контрперенос: что психолог чувствует рядом с клиентом,Психология,/praktik,775,контрперенос в психологии · перенос и контрперенос в психологии · контрперенос психолога · контрперенос клиент · конкордантный контрперенос
2026-09-12,samoaktualizatsiya-lichnosti,Самоактуализация: что значит стать собой и с чего начать,Самопознание,/coach,773,самоактуализация это · самоактуализация личности · потребность в самоактуализации · самоактуализация самореализация · пирамида маслоу самоактуализация · стремление к самоактуализации · процесс самоактуализации · самоактуализация это в психологии · творческая самоактуализация · самоактуализация саморазвитие · самоактуализация и самовыражение · понятие самоактуализация
2026-09-12,bulling-v-internete,Травля в интернете: как пережить и что можно сделать,Отношения,/artterapy,733,буллинг в интернете
2026-09-12,bazovoe-doverie,Базовое доверие к миру: откуда берётся и как его вернуть,Психология,/artterapy,728,базовое доверие · базовое доверие к миру · базовое доверие к людям · базовое доверие к жизни · базовое доверие эриксон
2026-09-12,podrostkovyy-vozrast-obschenie,Подросток и друзья: почему сверстники важнее родителей,Детская психология,/artterapy,720,подростковый возраст общение · подростковый возраст общение со сверстниками · развитие общения в подростковом возрасте
2026-09-12,depressiya-otchayaniya,"Отчаяние: что делать, когда кажется, что выхода нет",Психология,/artterapy,717,чувство отчаяния · эмоциональное отчаяние · уныние отчаяние депрессия · депрессия отчаяния
2026-09-12,separatsiya-ot-materi,Сепарация от матери: как повзрослеть и не потерять связь,Отношения,/artterapy,713,сепарация от матери · сепарация дочери от матери · сепарация сына от матери
2026-09-12,professionalnoe-vygoranie-spetsialistov,Выгорание в помогающих профессиях: когда забота исчерпала,Цели и развитие,/praktik,713,профессиональное выгорание специалистов · выгорание специалистов помогающих профессий · профессиональное выгорание специалистов помогающих профессий
2026-09-12,autotrening-pri-trevozhnosti,Аутотренинг при тревоге: как расслабить тело за десять минут,Психология,/online,701,аутотренинг при тревожности · аутотренинг по шульцу при тревожности
2026-09-12,privyazannost-k-drugu,Привязанность к другу: где проходит здоровая граница,Отношения,/artterapy,688,привязанность к другу · привязанность к лучшему другу
2026-09-13,izbegayu-otnosheniy-s-muzhchinami,Я избегаю отношений: почему близость пугает и что с этим делать,Отношения,/artterapy,673,избегаю отношений с мужчинами · отношения с мужчиной избегающего типа
2026-09-13,samootsenka-shkolnika,Самооценка младшего школьника: как её укрепить и не сломать,Детская психология,/artterapy,650,самооценка школьника · самооценка младший школьник · школьная самооценка
2026-09-13,otets-ne-uchastvuet-v-vospitanii-rebenka,Отец не занимается ребёнком: что чувствует мать и что делать,Детская психология,/artterapy,630,отец не участвует в воспитании ребенка · отец не занимается воспитанием ребенка · отец не принимает участие в воспитании ребенка · воспитание ребенка отец и мать
2026-09-13,depressiya-sostoyanie-cheloveka,Как помочь близкому в депрессии и не выгореть самой,Психология,/artterapy,625,как вывести человека из депрессии · депрессия помощь человеку · человек в глубокой депрессии · поведение человека в депрессии · человек страдающий депрессией · как человеку выйти из депрессии · человек находящийся в депрессии · депрессия в жизни человека · человек во время депрессии
2026-09-13,vozvraschayutsya-li-posle-rasstavaniya,Возвращаются ли бывшие: честный разговор о втором шансе,Отношения,/artterapy,588,возвращаются ли после расставания · возвращение после расставания · после расставания не возвращаются
2026-09-13,vospitanie-detey-bez-krikov,Воспитание без крика: как договариваться с ребёнком иначе,Детская психология,/artterapy,566,воспитание детей без криков · воспитание детей без крика и истерик · воспитание детей без криков угроз
2026-09-13,polgoda-rasstavaniya,"Полгода после расставания, а не отпускает: почему так бывает",Отношения,/artterapy,556,полгода расставания · расставание через полгода · расставание спустя полгода
2026-09-13,geshtalt-tehniki,"Техники гештальт-терапии: упражнения, которые можно попробовать",Психология,/praktik,556,гештальт техники · техники гештальт терапии · гештальт упражнения · практика гештальт терапии · гештальт практикум · практикум по гештальт терапии
2026-09-13,prodolzhat-li-otnosheniya-s-muzhchinoy,"Продолжать ли отношения: как понять, что пора решать",Отношения,/artterapy,554,продолжать ли отношения с мужчиной · как продолжать отношения с мужчиной · продолжение отношений с мужчинами
2026-09-13,chem-ploha-trevozhnost,Чем опасна постоянная тревожность и о чём она говорит,Психология,/artterapy,539,чем плоха тревожность · тревожность с чем связано · тревожность о чем говорит · постоянная тревожность
2026-09-13,myshlenie-podrostkovyy-vozrast,Как меняется мышление подростка и почему с ним трудно,Детская психология,/artterapy,534,мышление в подростковом возрасте · развитие мышления в подростковом возрасте · какое мышление в подростковом возрасте · мышление подростка
2026-09-13,stadii-depressii-otritsanie,"Пять стадий принятия: отрицание, гнев, торг, депрессия",Психология,/artterapy,528,стадии отрицание торг депрессия · отрицание гнев торг депрессия принятие · стадии депрессии отрицание принятие · пять стадий принятия
2026-09-13,detskaya-vozrastnaya-psihologiya,Возрастная психология ребёнка: что происходит в каждом возрасте,Детская психология,/artterapy,517,детская возрастная психология · возрастная психология ребенка · психология развития ребенка по возрастам · детская психология по возрастам
2026-09-13,izbegayuschiy-tip-privyazannosti-pochemu,Откуда берётся избегающая привязанность: как она формируется,Отношения,/artterapy,489,избегающий тип привязанности причины · причины избегающей привязанности · типы привязанности причины · тревожный тип привязанности причины · как формируется избегающая привязанность
2026-09-13,byvshiy-muzh-posle-rasstavaniya,"Бывший после расставания: почему он пишет, молчит или избегает",Отношения,/artterapy,466,бывший муж после расставания · пишут ли бывшие после расставания · бывший избегает после расставания · бывший после расставания нашел другую · бывший парень пишет после расставания · бывший заблокировал после расставания · общаются ли бывшие после расставания · встречи с бывшим после расставания
2026-09-13,geshtalt-v-otnosheniyah,Незакрытый гештальт в отношениях: почему прошлое держит,Отношения,/cards,432,гештальт в отношениях · закрыть гештальт в отношениях · гештальт закрыт в отношениях · незакрытый гештальт
2026-09-13,mobbing-na-rabote,Моббинг на работе: как выглядит травля в коллективе,Отношения,/coach,424,моббинг на работе · моббинг это простыми словами · моббинг травля · жертвы моббинга · моббинг в коллективе · моббинг сотрудников · психологический моббинг · как противостоять моббингу в коллективе · виды моббинга
2026-09-13,prichinit-obidu,Почему мы обижаемся: что на самом деле стоит за обидой,Психология,/artterapy,416,причина обиды · причины обиды · обида чувство почему · причины обиды людей · почему человек обижается
2026-09-14,chuvstvo-opustoshennosti,Чувство опустошённости: когда внутри пусто и ничего не хочется,Психология,/artterapy,410,чувство опустошенности · эмоциональная опустошенность · ощущение опустошенности · чувство эмоциональной опустошенности · хроническое чувство опустошенности
2026-09-14,kak-podderzhat-posle-rasstavaniya,Как поддержать близкого после расставания и не навредить,Отношения,/artterapy,387,как поддержать после расставания · как поддержать подругу при расставании · как поддержать человека при расставании · как поддержать подругу после расставания · как поддержать человека после расставания
2026-09-14,vospitanie-detey-tvorchestvom,Творчество в воспитании ребёнка: зачем рисовать вместе,Арт-терапия,/artterapy,385,воспитание детей творчеством · творческое развитие и воспитание детей · творческая деятельность в воспитании детей · развитие творческих способностей ребенка
2026-09-14,ratsionalizatsiya-v-psihologii,"Рационализация: как ум объясняет то, что больно чувствовать",Словарь,/artterapy,369,рационализация в психологии · психологическая защита рационализация · рационализация механизм психологической защиты · рационализация примеры · рационализация чувств
2026-09-14,emotsionalnaya-impulsivnost,Импульсивность: почему мы говорим и делаем не подумав,Психология,/artterapy,359,эмоциональная импульсивность · импульсивность это простыми словами · импульсивность поведения · повышенная импульсивность · склонность к импульсивности · контроль импульсивности · импульсивность личности · импульсивность действий · эмоциональность и импульсивность
2026-09-14,vospitanie-detey-v-razvode,"Дети после развода: как растить их, не втягивая в конфликт",Детская психология,/artterapy,356,воспитание детей после развода · воспитание детей в разводе · воспитание детей в разводе отец · дети после развода родителей
2026-09-14,psihologiya-roditelskih-otnosheniy,Отношения с родителями: почему рядом с ними мы снова дети,Отношения,/artterapy,290,психология отношений с родителями · детско родительские отношения · психология отношений дети родители · отношения с родителями во взрослом возрасте
2026-09-14,kak-perestat-est-ot-skuki,Скука и еда: почему от пустоты тянет к холодильнику,Психология,/artterapy,286,как перестать есть от скуки · как справиться со скукой · как избавиться от скуки · скука что делать
2026-09-14,manipulyatsiya-rasstavaniem,Манипуляция расставанием: когда уходом шантажируют,Отношения,/artterapy,258,манипуляция расставанием · манипулировать расставанием · шантаж расставанием
2026-09-14,podrostkovaya-separatsiya,Сепарация подростка: как отпускать и сохранить контакт,Детская психология,/artterapy,250,подростковая сепарация · сепарация у подростков · норма сепарации подростков · сепарация подростка от родителей
2026-09-14,emotsionalnoe-razocharovanie,"Разочарование: как пережить, когда ожидания рухнули",Психология,/artterapy,205,эмоциональное разочарование · разочарование психология · чувство разочарования · как пережить разочарование
2026-09-14,katastrofizatsiya-myshleniya,Катастрофизация: когда мысли всегда рисуют худший исход,Словарь,/online,192,катастрофизация мышления · катастрофизация в психологии · когнитивное искажение катастрофизация · катастрофизация примеры
2026-09-14,separatsiya-kak-perezhit,Сепарация от родителей: как перестать зависеть от других,Самопознание,/artterapy,184,сепарация как пережить · сепарация как перестать зависеть от других · сепарация что делать · сепарация от родителей
2026-09-14,dyhatelnaya-tehnika-4-7-8,"Дыхательная техника 4-7-8: как дышать, когда тревожно",Психология,/online,81442,дыхательная техника 4 7 · дыхательное упражнение 4 7 · дыхательные упражнения по методике 4 7 · дыхательная практика 4 7 · дыхательная практика метод 4 7 · дыхательная практика 4 · дыхательные практики для успокоения · дыхательные практики · дыхательная практика · дыхательное упражнение · дыхательные упражнения практика
2026-09-14,utrennyaya-meditaciya,Утренняя медитация: как начать день без спешки и тревоги,Медитации,/online,10247,утренняя медитация · утренняя медитация на день · утренние медитации для энергии · медитация утренняя наполнение энергией · утренняя медитация наполнения · утренняя медитация для женщин · медитация утром для женщин
2026-09-14,relaksaciya-po-dzhekobsonu,Релаксация по Джекобсону: как расслабить тело за 15 минут,Психология,/online,7564,релаксация по джекобсону · мышечная релаксация по джекобсону · прогрессивная релаксация по джекобсону · прогрессивная мышечная релаксация по джекобсону · релаксация по джекобсону при тревожном расстройстве · релаксация по джекобсону при панических атаках · мышечная релаксация по джекобсону упражнения · мышечная релаксация · прогрессивная мышечная релаксация · методы мышечной релаксации · техника мышечной релаксации · техники релаксации
2026-09-14,praktika-blagodarnosti,"Практика благодарности: как замечать хорошее, когда трудно",Психология,/online,6708,аффирмации благодарности · аффирмации благодарности дню · аффирмации благодарности на каждый день · утренняя аффирмация благодарности · медитация благодарности · утренняя медитация благодарности
2026-09-14,skolko-nuzhno-meditirovat,"Сколько нужно медитировать: 5, 10 или 30 минут в день",Медитации,/online,5824,минута медитации · медитация 5 минут · медитация 10 минут · медитация 15 минут · медитация 30 минут · сколько медитации · время медитации
2026-09-14,vidy-i-tehniki-meditacii,Виды и техники медитации: какая практика вам подойдёт,Медитации,/online,4305,практики медитации · техники медитации · способы медитации · медитация упражнения · практикую медитации · виды медитаций · уровни медитаций · какая медитация
2026-09-14,kak-nachat-meditirovat,"Как начать медитировать: пошагово для тех, кто пробует впервые",Медитации,/online,2966,медитация для начинающих · медитация для начинающих урок · медитация для начинающих в домашних условиях · медитация для начинающих в домашних · как медитировать · медитация самому · поза для медитации
2026-09-14,affirmacii-prostymi-slovami,Аффирмации простыми словами: работают ли они на самом деле,Психология,/online,2949,аффирмация это простыми словами · слова аффирмации · сила аффирмаций · суть аффирмаций · про аффирмацию · позитивные аффирмации · аффирмации на позитив · аффирмации на уверенность в себе · утренние аффирмации · аффирмация дня · аффирмации на каждый день
2026-09-15,chto-takoe-meditaciya,Что такое медитация простыми словами и что она даёт,Медитации,/online,2810,что такое медитация · медитация что это такое простыми словами · что означает медитация · сила медитации · жизненная сила медитации
2026-09-15,pochemu-ne-poluchaetsya-meditirovat,Почему не получается медитировать и что с этим делать,Медитации,/online,1455,почему медитация · почему во время медитации
2026-09-15,affirmacii-dlya-zhenschin,Аффирмации для женщин: о чём они на самом деле,Психология,/online,19766,аффирмации для женщин · аффирмации женские · аффирмация на день для женщин · аффирмации для женщин на каждый · аффирмации на каждый день для женщин · аффирмации для сна для женщин · аффирмации для женщин на здоровье · утренние аффирмации для женщин · аффирмация на жизнь для женщин · аффирмации для женщин на счастливую жизнь
2026-09-15,affirmaciya-dnya,Аффирмация дня: практика на каждый день,Психология,/online,15676,аффирмация дня · аффирмации на каждый · аффирмации на каждый день · аффирмация на сегодня · аффирмации благодарности на каждый · аффирмация дня на сегодня · аффирмации благодарности на каждый день
2026-09-15,affirmacii-na-uspeh,Аффирмации на успех и уверенность в себе,Психология,/online,11165,аффирмации на успех · сильные аффирмации · сила аффирмаций · аффирмации на уверенность в себе · аффирмация успех женщин · аффирмация на успех и процветание · самые сильные аффирмации
2026-09-15,affirmacii-na-lyubov,Аффирмации на любовь: как менять отношение к себе,Психология,/online,10202,аффирмации на любовь · аффирмации на отношения · аффирмации на любовь и отношения · аффирмации на любовь мужчины · аффирмации на счастливую любовь · аффирмации на отношения с мужчиной · аффирмация любви жизни · аффирмации на любовь и отношения с мужчиной · аффирмация на любовь и счастье · аффирмация на любовь и замужество
2026-09-15,affirmacii-na-zdorove,Аффирмации на здоровье: где здесь психология,Психология,/online,8187,аффирмации на здоровье · аффирмация на здоровье елена · аффирмации на здоровье вальяк · аффирмации здоровье онлайн · бесплатно аффирмация здоровья
2026-09-15,kak-sostavit-affirmacii,"Как составить аффирмации, которые работают на вас",Психология,/online,8099,слова аффирмации · аффирмация это простыми словами · аффирмация примеры
2026-09-15,utrennie-affirmacii,Утренние аффирмации: как настроить день,Психология,/online,5130,утренние аффирмации · аффирмации на утро · утренняя аффирмация благодарности
