годна,заголовок,slug,категория,cta,частота,ключи,причина_отказа
да,Тревога и агрессия: почему на пике тревоги хочется срываться,trevozhnost-agressiya,Психология,/artterapy,1040,тревожность агрессия · тревожность агрессивность · агрессивная тревожность,
да,Хроническое выгорание: когда усталость стала фоном жизни,hronicheskoe-vygoranie,Цели и развитие,/coach,1034,хроническое выгорание · выгорание хроническая усталость · синдром хронического выгорания,
да,"Чувство ненужности: почему кажется, что вы никому не нужны",chuvstvo-nenuzhnosti,Психология,/artterapy,1032,чувство ненужности · ощущение ненужности · чувствую ненужность · одиночество ненужность,
да,Травма привязанности: как ранний опыт мешает быть близкой,travma-privyazannosti,Отношения,/artterapy,1027,травма привязанности · травматическая привязанность · исцеление травмы привязанности,
да,"Профессиональная самооценка: почему кажется, что вы не дотягиваете",professionalnoy-samootsenki,Цели и развитие,/coach,1013,профессиональная самооценка · самооценка профессиональной деятельности · самооценка профессиональные качества · самооценка профессии,
да,Расслабленно-избегающий тип привязанности: как он проявляется,rasslablenno-izbegayuschaya-privyazannost,Отношения,/artterapy,1012,расслабленно избегающая привязанность · расслабленно избегающий тип привязанности,
да,Отношения после 40: что меняется и что становится возможным,psihologiya-otnosheniy-posle,Отношения,/artterapy,1004,психология отношений после 40 · отношения после 40 лет психология · психология отношений после года отношений,
да,Старший подростковый возраст: что происходит в 15–17 лет,starshiy-podrostkovyy-vozrast,Детская психология,/artterapy,1003,старший подростковый возраст · старший подростковый возраст 15 лет · период старшего подросткового возраста,
нет,,preodolenie-trevozhnosti,,,997,,Книжный запрос (Джиллиан Батлер) + дубль socialnaya-trevozhnost и kak-uspokoit-trevozhnost
нет,,chuvstvo-paniki,,,996,,Дубль kak-spravitsya-s-panikoy и slovar-panicheskaya-ataka
да,Обесценивание: как распознать и что отвечать близкому человеку,obestsenivanie-cheloveka,Отношения,/artterapy,995,обесценивание человека · обесценивание в отношениях · как реагировать на обесценивание · обесценивание чувств это · обесценивание женщины · обесценивание мужем · идеализация и обесценивание · обесценивание личности · обесценивание фразы · пример обесценивания · обесценивание другого человека · обесценивание защита,
нет,,irina-geshtalt-geshtalt,,,993,,Навигационный запрос: поиск конкретного психолога (Ирина Нужненкова)
да,Первая неделя после расставания: как прожить эти семь дней,nedelya-posle-rasstavaniya,Отношения,/artterapy,987,неделя после расставания · через неделю после расставания · прошла неделя после расставания · две недели после расставания,
нет,,privyazannost-chitat,,,982,,Навигационный книжный запрос «читать онлайн»
нет,,sposob-depressiya,,,981,,Склейка «способ депрессия»; ключи «причины признаки и способы» — чек-лист диагноза; дубль kak-vyyti-iz-depressii
да,"Как сказать о расставании: слова, которые не ранят лишний раз",kak-napisat-o-rasstavanii,Отношения,/artterapy,980,как написать о расставании · написать слова расставания · как правильно написать расставания · как написать парню о расставании,
нет,,sobstvennaya-refleksiya,,,980,,Педагогическая формулировка (рефлексия собственной деятельности); дубль refleksiya
нет,,sotsialnaya-deprivatsiya,,,974,,Академико-педагогический термин; дубль slovar-deprivaciya
да,Буллинг простыми словами: что это и как его распознать,bulling-chto-eto-takoe-prostymi-slovami,Словарь,/artterapy,970,буллинг что это такое простыми словами · определение буллинга · буллинг что означает · буллинг это простыми словами в школе · буллинг простыми словами для детей,
нет,,hudozhestvennoe-vospitanie-detey,,,964,,Педагогическая нормативка: задачи художественного воспитания в ДОУ
нет,,depressiya-rasstroystvo-simptomy,,,957,,Диагностика и лечение: симптомы как чек-лист диагноза (запрет ТЗ)
да,Привязанность к матери: как она влияет на взрослую жизнь,privyazannost-k-materi,Отношения,/artterapy,953,привязанность к матери · материнская привязанность · тип привязанности матери,
нет,,pri-dissotsiatsii-veschestv-obrazuetsya,,,951,,Химия: омоним «диссоциация»
нет,,kak-pishetsya-geshtalt,,,948,,Орфографический запрос; дубль slovar-geshtalt
нет,,podrostkovyy-vozrast-u-detey,,,946,,Дубль perehodnyy-vozrast-u-detey и psihologiya-podrostka
нет,,depressiya-robert,,,945,,"Навигационный запрос по авторам (Лихи, Сапольски)"
нет,,privyazannost-k-drugomu-cheloveku,,,943,,Дубль kak-otlichit-privyazannost и privyazannost-v-otnosheniyah
нет,,ruminatsiya-eto-v-psihologii,,,942,,Дубль slovar-ruminaciya и navyazchivye-mysli
да,Сепарация во взрослом возрасте: почему отделиться так трудно,separatsiya-vzroslogo,Отношения,/artterapy,939,сепарация взрослого · сепарация во взрослом возрасте · взрослые дети сепарация · сепарация взрослого сына,
нет,,professionalnaya-refleksiya,,,938,,Педагогическая нормативка (рефлексия профессиональной деятельности педагога)
нет,,diagnostika-vygoraniya,,,936,,"Диагностика и шкалы (Бойко, Водопьянова) — запрет ТЗ"
нет,,otsenka-refleksii,,,935,,Педагогическая нормативка: контроль-оценка-рефлексия на уроке
нет,,otsenka-trevozhnosti,,,924,,Диагностические шкалы + детская тревожность
нет,,psihologiya-mezhlichnostnyh-otnosheniy,,,923,,"Академический вузовский запрос (предмет социальной психологии, малые группы)"
нет,,vygoranie-na-solntse,,,923,,Омоним: выгорание волос и цвета на солнце
нет,,samokontrol-samootsenka,,,920,,Педагогическая нормативка: самоконтроль и самооценка учебной деятельности
да,Истерики у ребёнка: почему они случаются и что делать взрослому,isteriki-u-detey-4,Детская психология,/artterapy,905,истерики у детей 4 · возраст истерик у детей · истерики у детей 2 5 лет · истерика у маленьких детей · истерики у детей 8 лет · истерики у детей 10 лет,
нет,,stolpov-samootsenki,,,905,,Книжный запрос: «Шесть столпов самооценки» Брандена
нет,,bessoznatelnaya-lichnost,,,901,,Академический психоаналитический запрос; дубль psihoanaliz-prostymi-slovami
нет,,chuvstvo-trevogi-posle,,,901,,"Ключи про алкоголь, запой, кофе, еду — физиология и наркология, а не самопомощь"
нет,,pri-polnoy-dissotsiatsii-1-mol-obrazuetsya,,,895,,Химия: омоним «диссоциация»
нет,,sposobnost-k-refleksii,,,889,,"Педагогические ключи (рефлексия способов деятельности, методики); дубль refleksiya"
нет,,vospitanie-detey-avtor,,,889,,Склейка «воспитание детей автор» + навигация по авторам книг; дубль tipy-vospitaniya-detey
нет,,metody-samootsenka,,,884,,Педагогическая нормативка: методы самооценки учебной деятельности
да,Цикл контакта в гештальте: как мы встречаемся с потребностью,kontakt-geshtalt,Психология,/praktik,881,контакт гештальт · цикл контакта гештальт · гештальт прерывание контакта,
нет,,kak-izbavitsya-ot-vnutrenney-trevozhnosti,,,881,,Дубль kak-uspokoit-trevozhnost
нет,,vospitanie-aktivnyh-detey,,,880,,Педагогическая нормативка: воспитание познавательной активности в ДОУ
нет,,katarsis-slushat,,,878,,"Музыкальный запрос: группа «Катарсис», слушать онлайн"
да,Отношения с мужчиной сильно старше: что важно понимать заранее,otnosheniya-s-muzhchinoy-starshe,Отношения,/artterapy,876,отношения с мужчиной старше · отношения с мужчиной старше на 20 лет,
нет,,bessoznatelnaya-psihika,,,876,,Академический вузовский запрос по общей психологии
нет,,samootsenka-slushat,,,874,,Навигационный запрос: поиск аудиокниги
нет,,depressiya-povedenie,,,873,,Лечение (КПТ-протокол депрессии); дубль kpt-chto-eto
нет,,silnaya-samootsenka,,,868,,Склейка «сильная самооценка»; дубль kak-povysit-samoocenku
да,Кризис подросткового возраста: что происходит и как быть рядом,krizis-podrostkovogo-vozrasta,Детская психология,/artterapy,865,кризис подросткового возраста · кризис развития подросткового возраста · подростковый возраст возрастной кризис · периоды кризиса подросткового возраста,
нет,,bessoznatelnoe-otnoshenie,,,855,,"Книжно-академический запрос (Фрейд, Юнг)"
нет,,perlz-geshtalt,,,852,,Книжный и персональный запрос: книги Перлза
нет,,regressiya-v-psihologii,,,845,,Дубль slovar-regressiya
нет,,effektivnaya-depressiya,,,845,,"Склейка лемматизатора: «эффект», «побочный эффект» и депрессия"
нет,,klassicheskoe-vospitanie-detey,,,845,,Склейка «мастер-класс» и «начальные классы»; педагогика
нет,,samootsenka-ayzenka,,,842,,Диагностическая методика: опросник самооценки психических состояний Айзенка
нет,,kompleks-sindrom-samozvantsa,,,841,,Дубль sindrom-samozvanca и slovar-sindrom-samozvanca
да,Самооценка простыми словами: что это такое и как она устроена,samootsenka-opredelenie,Словарь,/artterapy,838,самооценка определение · самооценка это простыми словами · определение понятия самооценка · значение самооценки,
нет,,sovremennye-kontseptsii-vospitaniya-rebenka,,,836,,Педагогическая нормативка: концепции и цели воспитания
нет,,obrazovanie-detskiy-psiholog,,,834,,Навигационный запрос про обучение; дубль nuzhno-li-psihologu-obrazovanie
нет,,bulling-v-koreyskih-shkolah,,,833,,Новостной и дорамный запрос про школы других стран
нет,,osvobozhdenie-ot-sozavisimosti,,,831,,Книжный запрос (Уайнхолды); дубль sozavisimost
нет,,samootsenka-pomogaet,,,829,,Склейка «самооценка помогает»; дубль kak-povysit-samoocenku
да,Он сразу нашёл другую: как пережить это после расставания,posle-rasstavaniya-nashel-druguyu,Отношения,/artterapy,825,после расставания нашел другую · после расставания быстро нашел · парень после расставания нашел другую,
нет,,sozavisimost-uaynhold,,,824,,Навигация по книгам и авторам; дубль sozavisimost
да,Тревога в груди: почему сжимает и как помочь себе дышать,trevozhnost-v-grudi,Психология,/online,824,тревожность в груди · чувство тревоги в груди,
нет,,adekvatnaya-samootsenka,,,824,,Дубль vidy-samoocenki и kak-ponyat-samoocenku
нет,,metod-introspektsii,,,822,,"Академический вузовский запрос (Вундт, психология сознания)"
нет,,gruppy-bullinga,,,821,,Школьная профилактическая рамка; дубль vidy-bullinga и prichiny-bullinga
да,Копинг-стратегии: как мы справляемся со стрессом на самом деле,lazarus-kopingi,Психология,/artterapy,814,лазарус копинги · фолкман лазарус копинг · копинга р лазаруса,
нет,,formirovanie-podrostkovogo-vozrasta,,,809,,Академическая формулировка; дубль psihologiya-podrostka
нет,,lyubovnitsa-posle-rasstavaniya,,,806,,"Склейка лемматизатора: любовница, любовник и любовь в одной фразе"
нет,,kak-perezhit-rasstavanie-s-devushkoy,,,804,,Запрос мужской аудитории («как вернуть девушку»); дубль kak-perezhit-rasstavanie
нет,,refleksiya-myshlenie,,,803,,Педагогика: технология развития критического мышления
нет,,vliyanie-samootsenka,,,797,,Дубль prichiny-samoocenki («От чего зависит самооценка»)
нет,,proverka-ekrana-na-vygoranie,,,790,,Омоним: выгорание пикселей на экране
нет,,depressiya-ritma,,,788,,Медицинский омоним: депрессия альфа-ритма и синусового ритма
нет,,lichnost-podrostkovyy-vozrast,,,779,,Академическая формулировка; дубль psihologiya-podrostka
нет,,puls-v-bessoznatelnom-sostoyanii,,,778,,"Медицинский запрос про первую помощь, омоним «бессознательное»"
нет,,zadanie-refleksiya,,,775,,Педагогическая нормативка: рефлексия домашнего задания
да,Контрперенос: что психолог чувствует рядом с клиентом,kontrperenos-v-psihologii,Психология,/praktik,775,контрперенос в психологии · перенос и контрперенос в психологии · контрперенос психолога · контрперенос клиент · конкордантный контрперенос,
да,Самоактуализация: что значит стать собой и с чего начать,samoaktualizatsiya-lichnosti,Самопознание,/coach,773,самоактуализация это · самоактуализация личности · потребность в самоактуализации · самоактуализация самореализация · пирамида маслоу самоактуализация · стремление к самоактуализации · процесс самоактуализации · самоактуализация это в психологии · творческая самоактуализация · самоактуализация саморазвитие · самоактуализация и самовыражение · понятие самоактуализация,
нет,,nochnye-isteriki-u-rebenka,,,769,,Медицинская тема сна у малышей (ночные страхи) — детская клиника
нет,,protiv-bullinga,,,765,,Дубль kak-spravitsya-s-bullingom
нет,,kak-nazyvaetsya-perehodnyy-vozrast,,,764,,Терминологический запрос; дубль perehodnyy-vozrast-u-detey
нет,,isterika-u-rebenka-nochyu,,,763,,Дубль nochnye-isteriki-u-rebenka; медицинская тема сна у малышей
нет,,privyazannost-simpatiya,,,760,,Дубль kak-otlichit-privyazannost
нет,,refleksiya-uchaschihsya,,,757,,Педагогическая нормативка: рефлексия деятельности учащихся
нет,,privyazannost-levin,,,753,,Книжный запрос: Амир Левин и Рэйчел Хеллер
нет,,bulling-psihologi,,,749,,Дубль vidy-bullinga (психологический буллинг как вид)
нет,,muzhskoe-bessilie,,,749,,Головная фраза о мужском сексуальном здоровье — медицина; тема чувства бессилия закрыта в sindrom-bespomoschnosti
нет,,zaschitnye-mehanizmy-cheloveka,,,745,,Дубль zaschitnye-mehanizmy
нет,,est-li-u-menya-depressiya,,,742,,Дубль kak-ponyat-chto-u-tebya-depressiya; ключи — мемные строчки из песни
нет,,kak-vyyti-iz-depressii-posle,,,740,,Склейка «выйти из депрессии после»; дубль kak-vyyti-iz-depressii
нет,,rasstroystvo-privyazannosti,,,739,,Клинический диагноз (реактивное расстройство привязанности) у детей
нет,,refleksiya-lichnosti,,,736,,Академико-педагогическая формулировка; дубль refleksiya
нет,,kak-izbavitsya-ot-straha-i-trevogi,,,734,,Дубль kak-izbavitsya-ot-straha и kak-spravitsya-s-trevogoy
да,Травля в интернете: как пережить и что можно сделать,bulling-v-internete,Отношения,/artterapy,733,буллинг в интернете,
да,Базовое доверие к миру: откуда берётся и как его вернуть,bazovoe-doverie,Психология,/artterapy,728,базовое доверие · базовое доверие к миру · базовое доверие к людям · базовое доверие к жизни · базовое доверие эриксон,
нет,,dissotsiatsiya-natriy,,,728,,Химия: омоним «диссоциация»
нет,,iony-1-obrazuyutsya-pri-dissotsiatsii,,,727,,Химия: омоним «диссоциация»
нет,,novoobrazovanie-podrostkovogo-vozrasta,,,727,,Академический термин из учебника возрастной психологии
нет,,uchebnaya-samootsenka,,,723,,Педагогическая нормативка: самооценка учебных действий (ФГОС)
нет,,separatsiya-v-psihologii,,,720,,Дубль slovar-separaciya
да,Подросток и друзья: почему сверстники важнее родителей,podrostkovyy-vozrast-obschenie,Детская психология,/artterapy,720,подростковый возраст общение · подростковый возраст общение со сверстниками · развитие общения в подростковом возрасте,
нет,,podarok-posle-rasstavaniya,,,719,,"Бытовой и этикетный вопрос о возврате подарков, а не психологическая тема"
нет,,dissotsiatsiya-sulfatov,,,718,,Химия: омоним «диссоциация»
да,"Отчаяние: что делать, когда кажется, что выхода нет",depressiya-otchayaniya,Психология,/artterapy,717,чувство отчаяния · эмоциональное отчаяние · уныние отчаяние депрессия · депрессия отчаяния,
нет,,kogda-zakanchivaetsya-perehodnyy-vozrast,,,714,,Дубль etapy-podrostkovogo-vozrasta и perehodnyy-vozrast-u-detey
да,Сепарация от матери: как повзрослеть и не потерять связь,separatsiya-ot-materi,Отношения,/artterapy,713,сепарация от матери · сепарация дочери от матери · сепарация сына от матери,
да,Выгорание в помогающих профессиях: когда забота исчерпала,professionalnoe-vygoranie-spetsialistov,Цели и развитие,/praktik,713,профессиональное выгорание специалистов · выгорание специалистов помогающих профессий · профессиональное выгорание специалистов помогающих профессий,
нет,,esli-zhenschina-posle-rasstavaniya,,,712,,"Склейка женского и мужского взгляда («как ведёт», «пишет ли»); дубль kak-perezhit-rasstavanie"
нет,,dorki-trevozhnost,,,710,,"Диагностическая методика: тест тревожности Тэммл — Дорки — Амен, детская"
нет,,pravovoe-vospitanie-detey,,,709,,"Юридическая и религиозная нормативка (права детей, православное воспитание)"
нет,,rol-semi-v-vospitanii-rebenka,,,707,,Педагогическая формулировка; дубль vospitanie-detey-v-seme
нет,,separatsiya-ot-detey,,,705,,Склейка: сепарация родителя от детей и тревога разлуки у малышей; дубль opustevshee-gnezdo
да,Аутотренинг при тревоге: как расслабить тело за десять минут,autotrening-pri-trevozhnosti,Психология,/online,701,аутотренинг при тревожности · аутотренинг по шульцу при тревожности,
да,Привязанность к другу: где проходит здоровая граница,privyazannost-k-drugu,Отношения,/artterapy,688,привязанность к другу · привязанность к лучшему другу,
нет,,samootsenka-lyubov-k-sebe,,,688,,Дубль kak-prinyat-i-polyubit-sebya и kak-povysit-samoocenku
нет,,plohoe-nastroenie-depressiya,,,686,,Склейка «для поднятия настроения»; дубль kak-ponyat-chto-u-tebya-depressiya
нет,,vospitanie-detey-znachenie,,,679,,Педагогическое определение; дубль vospitanie-detey-v-seme
нет,,vneshniy-lokus-kontrolya,,,677,,Дубль lokus-kontrolya
да,Я избегаю отношений: почему близость пугает и что с этим делать,izbegayu-otnosheniy-s-muzhchinami,Отношения,/artterapy,673,избегаю отношений с мужчинами · отношения с мужчиной избегающего типа,
нет,,psiholog-kak-perezhit-rasstavanie,,,673,,Навигационный запрос («советы психологов»); дубль kak-perezhit-rasstavanie
нет,,psihologiya-otnosheniya-lichnostey,,,672,,Склейка лемматизатора и вузовская формулировка
нет,,dissotsiatsiya-nitratov,,,672,,Химия: омоним «диссоциация»
нет,,tayna-privyazannosti,,,668,,Книжный запрос: «Тайная опора» Петрановской
нет,,derealizatsiya-prohodit,,,666,,Игровой запрос («дереализация роблокс прохождение»); дубль slovar-derealizaciya
нет,,dissotsiatsiya-hloridov,,,664,,Химия: омоним «диссоциация»
нет,,refleksiya-v-kontse,,,663,,Педагогическая нормативка: рефлексия в конце урока
нет,,ratsionalizatsiya-logarifmicheskih,,,663,,Математика: омоним «рационализация»
нет,,meditatsiya-ot-trevozhnosti,,,660,,Дубль meditaciya-dlya-uspokoeniya («снять тревогу и стресс»)
нет,,detskaya-psihologiya-pedagogika,,,658,,Должностная нормативка: документация и циклограмма педагога-психолога ДОУ
нет,,vygoranie-meditsinskih,,,656,,Склейка «выгорание медицинских»; закрыто темой professionalnoe-vygoranie-spetsialistov
нет,,bogatye-deti-v-depressii,,,655,,Мемный и товарный запрос (футболки)
нет,,kak-pravilno-geshtalt,,,654,,Орфографический запрос; дубль slovar-geshtalt
нет,,posle-rasstavaniya-hochetsya,,,651,,Склейка «после расставания хочется»; закрыто темой vozvraschayutsya-li-posle-rasstavaniya
да,Самооценка младшего школьника: как её укрепить и не сломать,samootsenka-shkolnika,Детская психология,/artterapy,650,самооценка школьника · самооценка младший школьник · школьная самооценка,
нет,,otnosheniya-s-devushkoy-posle-rasstavaniya,,,648,,Запрос мужской аудитории; дубль kak-perezhit-rasstavanie
нет,,devushka-posle-rasstavaniya-srazu,,,646,,Запрос мужской аудитории («девушка сразу нашла другого»)
нет,,samootsenka-pedagoga,,,646,,Педагогическая нормативка: самооценка педагогической деятельности для аттестации
нет,,kak-postroit-otnosheniya-s-muzhchinoy,,,645,,Дубль kak-stroit-otnosheniya-s-muzhchinoy
нет,,geshtalt-terapiya-perlz-terapii,,,645,,Книжный и персональный запрос; дубль geshtalt-terapiya
нет,,vospolzovalsya-bespomoschnostyu,,,641,,"Запрос порнографического характера, не тема"
нет,,proekt-refleksii,,,640,,Педагогическая нормативка: рефлексия проектной деятельности
нет,,formirovanie-privyazannostey,,,634,,Дубль tipy-privyazannosti («как ранний опыт определяет наши отношения»)
нет,,katarsis-ptitsu,,,632,,Музыкальный запрос: текст песни
да,Отец не занимается ребёнком: что чувствует мать и что делать,otets-ne-uchastvuet-v-vospitanii-rebenka,Детская психология,/artterapy,630,отец не участвует в воспитании ребенка · отец не занимается воспитанием ребенка · отец не принимает участие в воспитании ребенка · воспитание ребенка отец и мать,
нет,,prichiny-velikoy-depressii,,,629,,Исторический омоним (Великая депрессия в США); дубль prichiny-depressii
нет,,refleksiya-gruppy,,,627,,Педагогическая нормативка: рефлексия групповой работы на уроке
нет,,rasstavanie-v-matritse,,,626,,Эзотерика: матрица судьбы и арканы — запрет ТЗ
нет,,vospitanie-rebenka-s-sdvg,,,626,,Клиническая тема у детей (СДВГ) + книжный запрос (Баркли)
да,Как помочь близкому в депрессии и не выгореть самой,depressiya-sostoyanie-cheloveka,Психология,/artterapy,625,как вывести человека из депрессии · депрессия помощь человеку · человек в глубокой депрессии · поведение человека в депрессии · человек страдающий депрессией · как человеку выйти из депрессии · человек находящийся в депрессии · депрессия в жизни человека · человек во время депрессии,
нет,,rasstavanie-s-chelovekom-eto,,,616,,Дубль kak-perezhit-rasstavanie и kak-zabyt-cheloveka
нет,,psihologicheskaya-refleksiya,,,613,,Дубль slovar-refleksiya и refleksiya
нет,,samootsenka-kak-povysit-psihologiya,,,613,,Дубль kak-povysit-samoocenku
нет,,buzova-geshtalt,,,608,,Запрос про шоу-бизнес и звёзд
нет,,narushenie-privyazannosti,,,607,,Клиническая тема у детей: нарушения привязанности и их терапия
нет,,bolshe-grudi-v-podrostkovom-vozraste,,,603,,Медицинская тема: физическое развитие и боли у подростков
нет,,stress-frustratsiya,,,596,,"Академическая вузовская связка (аффект, стресс, фрустрация); дубль slovar-frustraciya"
нет,,metody-vytesneniya,,,590,,Технический омоним (замена масла методом вытеснения); дубль slovar-vytesnenie
да,Возвращаются ли бывшие: честный разговор о втором шансе,vozvraschayutsya-li-posle-rasstavaniya,Отношения,/artterapy,588,возвращаются ли после расставания · возвращение после расставания · после расставания не возвращаются,
нет,,posle-perehodnogo-vozrasta,,,588,,Склейка: подростковый возраст и «переходный возраст после 40»; дубль krizis-srednego-vozrasta
нет,,sovety-detskogo-psihologa,,,588,,Навигационный запрос: поиск специалиста и его советов
нет,,shkolnaya-trevozhnost-fillipsa,,,587,,Диагностическая методика: тест школьной тревожности Филлипса
да,Выученная беспомощность: почему опускаются руки и как быть,sindrom-bespomoschnosti,Психология,/artterapy,587,чувство беспомощности · психология беспомощности · ощущение беспомощности · состояние беспомощности · приобретенная беспомощность · селигман беспомощность · теория беспомощности · эмоциональная беспомощность · собственная беспомощность · страх беспомощности · психологическая беспомощность · беспомощность в жизни,
нет,,tsentr-detskoy-psihologii,,,587,,Навигационный запрос: поиск центра детской психологии
нет,,bulling-pravilnyy,,,579,,Орфографический и игровой запрос («правила игры»)
нет,,bitti-sozavisimost,,,574,,Книжный запрос: Мелоди Битти; дубль sozavisimost
нет,,kak-izbavitsya-ot-navyazchivoy-trevozhnosti,,,571,,Дубль kak-izbavitsya-ot-trevozhnosti-i-navyazchivyh-mysley
нет,,sulfat-obrazuetsya-pri-dissotsiatsii,,,567,,Химия: омоним «диссоциация»
да,Воспитание без крика: как договариваться с ребёнком иначе,vospitanie-detey-bez-krikov,Детская психология,/artterapy,566,воспитание детей без криков · воспитание детей без крика и истерик · воспитание детей без криков угроз,
нет,,samootsenka-sovety,,,565,,Склейка «самооценка советы»; дубль kak-povysit-samoocenku
да,"Полгода после расставания, а не отпускает: почему так бывает",polgoda-rasstavaniya,Отношения,/artterapy,556,полгода расставания · расставание через полгода · расставание спустя полгода,
да,"Техники гештальт-терапии: упражнения, которые можно попробовать",geshtalt-tehniki,Психология,/praktik,556,гештальт техники · техники гештальт терапии · гештальт упражнения · практика гештальт терапии · гештальт практикум · практикум по гештальт терапии,
да,"Продолжать ли отношения: как понять, что пора решать",prodolzhat-li-otnosheniya-s-muzhchinoy,Отношения,/artterapy,554,продолжать ли отношения с мужчиной · как продолжать отношения с мужчиной · продолжение отношений с мужчинами,
