дата,slug,тема,частота,блок,cta,тип_вопроса,ключи
2026-09-30,privyazannost-k-sobake,привязанность к собаке,549,Отношения и близость,/artterapy,обзор,привязанность к собаке · привязанность собаки к хозяину · видимая привязанность собаки · видимая привязанность собаки к хозяину · видимая привязанность собаки к хозяину кроссворд
2026-09-30,kak-izbavitsya-ot-stressa-i-trevogi,как избавиться от стресса и тревоги,543,Тревога и депрессия,/artterapy,что делать,как избавиться от стресса и тревоги · как справиться со стрессом и тревогой · как снизить стресс и тревожность
2026-09-30,chem-ploha-trevozhnost,чем плоха тревожность,539,Тревога и депрессия,/artterapy,обзор,чем плоха тревожность · тревожность с чем связано · тревожность о чем говорит
2026-09-30,koping-voprosy,копинг вопросы,538,Словарь и термины,/artterapy,обзор,копинг это · копинг вопросы · копинг это в психологии · копинг стресса · копинг механизм · психологический копинг · копинг карточки · эмоциональные копинги · социальный копинг · копинг совладание · выберите копинги · особенности копинга · копинг исследование · копинг защита · копинги подростков · когнитивные копинг · копинг 1 · крюкова копинг · пример копинга · адаптация и копинг · активный копинг · копинг поведение в стрессовых ситуациях · адаптивный копинг · копинг онлайн · копинг действия · диагностика копингов
2026-09-30,formuly-ratsionalizatsii,формулы рационализации,537,Словарь и термины,/artterapy,обзор,формулы рационализации · рационализация математика · механизм рационализация · рационализация решения · защита рационализация · показательная рационализация · процесс рационализации · рационализации производства · рационализация человека · рационализация профиль · простые рационализации · рационализация примеры · рационализация деятельности · рационализация 1 · отрицание рационализация · место рационализации · рационализация труда · рационализация механизм защиты · интеллектуализация рационализация · рационализация 15 · рационализация управления · проблема рационализации · рационализация чувств · рационализация работы · рационализация поведения · рационализация модулей · рационализация 15 задание
2026-09-30,myshlenie-podrostkovyy-vozrast,мышление подростковый возраст,534,Дети и подростки,/artterapy,обзор,мышление подростковый возраст · развитие мышления подростковом возрасте · какое мышление в подростковом возрасте
2026-09-30,detskiy-oblast-psiholog,детский область психолог,533,Дети и подростки,/artterapy,обзор,детский область психолог · психолог детская областная · области детской психологии
2026-09-30,nagoski-vygoranie,нагоски выгорание,532,Выгорание и работа,/coach,обзор,нагоски выгорание · эмили нагоски выгорание · амелия нагоски выгорание · выгорание книга нагоски · эмили нагоски амелия нагоски выгорание · выгорание книга эмили нагоски
2026-09-30,psihicheskoe-vygoranie,психическое выгорание,530,Выгорание и работа,/coach,обзор,психическое выгорание · синдром психического выгорания · выгорание психики
2026-09-30,stadii-depressii-otritsanie,стадии депрессии отрицание,528,Словарь и термины,/artterapy,сколько,стадии депрессии отрицание · стадии депрессии отрицание принятие · стадии отрицание торг депрессия · стадии гнев отрицание принятие депрессия смирение
2026-10-01,sotsialnaya-trevozhnost-zastenchivost,социальная тревожность застенчивость,527,Тревога и депрессия,/artterapy,обзор,социальная тревожность застенчивость · социальная тревожность книга · социальная тревожность и социофобия · либовиц социальная тревожность
2026-10-01,bessoznatelnaya-opredelenie,бессознательная определение,525,Словарь и термины,/artterapy,определение,бессознательная определение · определение бессознательного состояния · коллективное бессознательное простыми словами · определение наличия дыхания при бессознательном состоянии · бессознательное это простыми словами · значение бессознательного
2026-10-01,kak-vyyti-iz-depressii-sovety,как выйти из депрессии советы,525,Тревога и депрессия,/artterapy,что делать,как выйти из депрессии советы · как выйти из депрессии самостоятельно советы · депрессия как выйти советы психологов
2026-10-01,kognitivnaya-terapiya-depressii,когнитивная терапия депрессии,524,Тревога и депрессия,/artterapy,обзор,когнитивная терапия депрессии · терапия при депрессии · дэвид бернс терапия депрессии · поведенческая терапия депрессии · терапия депрессии книга
2026-10-01,geshtalt-genshin,гештальт геншин,522,Словарь и термины,/artterapy,обзор,гештальт геншин · башня гештальта геншин · откачайте воду из башни гештальта геншин
2026-10-01,geshtalt-chitat,гештальт читать,521,Словарь и термины,/artterapy,обзор,гештальт читать · закрыть гештальт читать · гештальт читать онлайн · закрыть гештальт читать онлайн бесплатно · закрыть гештальт шнайдер читать
2026-10-01,pishem-parnyu-rasstavaniya,пишем парню расставания,519,Отношения и близость,/artterapy,обзор,пишем парню расставания · как сказать парню о расставании · подарок на расставание парню
2026-10-01,profilaktika-bullinga-v-shkole,профилактика буллинга в школе,517,Отношения и близость,/artterapy,обзор,профилактика буллинга в школе · план по профилактике буллинга в школе · программа профилактики буллинга в школе
2026-10-01,detskaya-vozrastnaya-psihologiya,детская возрастная психология,517,Дети и подростки,/artterapy,обзор,детская возрастная психология · детская психология возраст · детский психолог возраст · детский психолог возраст детей · психология развития детских возрастов · психология развития возрастной психологии детская психология
2026-10-01,perezhivanie-rasstavaniya,переживание расставания,514,Отношения и близость,/artterapy,обзор,переживание расставания · как бывшая переживает расставание · сильно переживаю расставание · очень переживаю расставание · переживая расставания алим · алим зу переживая расставания
2026-10-01,rasslablennaya-privyazannost,расслабленная привязанность,514,Отношения и близость,/artterapy,обзор,расслабленная привязанность · расслабленный тип привязанности · расслабляющий тип привязанности · расслабленно вовлеченная привязанность · расслабленно вовлеченный тип привязанности
2026-10-01,psihicheskaya-deprivatsiya,психическая депривация,514,Словарь и термины,/artterapy,обзор,психическая депривация · депривация психического развития · психическая депривация детей
2026-10-01,metody-kakie-vospitaniya-rebenka,методы какие воспитания ребенка,514,Дети и подростки,/artterapy,обзор,методы какие воспитания ребенка · основные методы воспитания ребенка · методы индивидуального воспитания ребенка · эффективные методы воспитания ребенка
2026-10-01,trahnul-posle-rasstavaniya,трахнул после расставания,504,Отношения и близость,/artterapy,обзор,трахнул после расставания · трахнул подругу после расставания · трахнул после расставания с парнем
2026-10-01,novye-refleksii-uroka,новые рефлексии урока,504,Словарь и термины,/artterapy,обзор,новые рефлексии урока · вопросы рефлексии урока · целей урока рефлексии · рефлексия в конце урока · тип урока рефлексии · рефлексия на уроках в школе · проект рефлексия урока · рефлексия урока учителем · деятельностная цель урока рефлексии · структура урока рефлексия · рефлексия урока истории · пример рефлексии урока
2026-10-01,geshtalt-vyrazheniya,гештальт выражения,503,Словарь и термины,/artterapy,обзор,гештальт выражения · выражение гештальт закрыт · выражение закрыть гештальт
2026-10-01,izmena-posle-rasstavaniya,измена после расставания,502,Отношения и близость,/artterapy,обзор,измена после расставания · изменил после расставания · изменилась после расставания
2026-10-01,u-rebenka-isterika-chto-delat-2,у ребенка истерика что делать 2,501,Дети и подростки,/artterapy,что делать,у ребенка истерика что делать 2 · истерики у ребенка 2 года что делать · истерики у ребенка 3 что делать · истерика у ребенка 3 лет что делать · как остановить истерику у ребенка · у ребенка истерика как справляться
2026-10-01,v-v-boyko-emotsionalnoe-vygoranie,в в бойко эмоциональное выгорание,500,Выгорание и работа,/coach,обзор,в в бойко эмоциональное выгорание · диагностика эмоционального выгорания бойко · бойко синдром эмоционального выгорания
2026-10-01,pozdravlenie-s-otnoshenie-s-muzhchinoy,поздравление с отношение с мужчиной,498,Отношения и близость,/artterapy,обзор,поздравление с отношение с мужчиной · поздравление мужчине с годовщиной отношений · поздравление с отношениями своими словами мужчине
2026-10-01,katarsis-yakovleva,катарсис яковлева,498,Словарь и термины,/artterapy,обзор,катарсис яковлева · яковлева 18 катарсис · катарсис яковлева ул · ул яковлева 18 катарсис · катарсис яковлева ул 18 софийская сторона
2026-10-01,matritsa-ot-depressii,матрица от депрессии,497,Тревога и депрессия,/artterapy,обзор,матрица от депрессии · гаряев матрицы депрессия · матрица горяева депрессия · матрица гаряева от депрессии
2026-10-01,gormon-trevozhnosti,гормон тревожности,496,Тревога и депрессия,/artterapy,обзор,гормон тревожности · тревожность какие гормоны · гормональная тревожность
2026-10-01,detskiy-semeynyy-psiholog,детский семейный психолог,495,Дети и подростки,/artterapy,обзор,детский семейный психолог · детская и семейная психология · детский психолог семей · детская и семейная психология вк
2026-10-01,dissotsiatsiya-gidroksidov,диссоциация гидроксидов,493,Словарь и термины,/artterapy,обзор,диссоциация гидроксидов · диссоциации гидролиза · гидроксид ионы при диссоциации · диссоциация гидролиз солей · диссоциация барий гидроксид
2026-10-02,lichnoe-vygoranie,личное выгорание,493,Выгорание и работа,/coach,обзор,личное выгорание · выгорание личности · личностное выгорание · личностный фактор выгорания
2026-10-02,emotsionalnye-kacheli-pochemu,эмоциональные качели почему,492,Эмоции и состояния,/artterapy,причины,эмоциональные качели почему · перепады настроения причина · перепады настроения у женщин причины · эмоциональные качели зачем · резкие перепады настроения причины
2026-10-02,izbegayuschiy-tip-privyazannosti-pochemu,избегающий тип привязанности почему,489,Отношения и близость,/artterapy,причины,избегающий тип привязанности почему · причины привязанности · зачем привязанность · типы привязанности причины · тревожный тип привязанности почему · причины избегающей привязанности · избегающий тип привязанности причины
2026-10-02,ploho-ot-depressii,плохо от депрессии,480,Тревога и депрессия,/artterapy,обзор,плохо от депрессии · депрессия состояние плохое · депрессия очень плохо
2026-10-02,klassy-dissotsiatsii,классы диссоциации,477,Словарь и термины,/artterapy,обзор,классы диссоциации · диссоциация 9 класс · диссоциации химия 9 класс · диссоциация 11 класс
2026-10-02,byvshiy-muzh-posle-rasstavaniya,бывший муж после расставания,466,Отношения и близость,/artterapy,обзор,бывший муж после расставания · пишут ли бывшие после расставания · бывший после расставания нашел другую · бывший избегает после расставания · бывший парень пишет после расставания · бывший заблокировал после расставания · общаются ли бывшие после расставания · встречи с бывшим после расставания · живу с бывшим после расставания
2026-10-02,sposoby-frustratsii,способы фрустрации,463,Словарь и термины,/artterapy,упражнения,способы фрустрации · способы разрешения фрустрации · методика фрустрация · методика рисуночных фрустраций · фрустрация методика розенцвейга · методика рисуночной фрустрации розенцвейга
2026-10-02,vodopyanova-vygoranie,водопьянова выгорание,463,Выгорание и работа,/coach,обзор,водопьянова выгорание · н е водопьянова выгорание · водопьянова синдром выгорания · водопьянова н е синдром выгорания · водопьянова н синдром выгорания · водопьяновой н е синдром выгорания · синдром выгорания водопьянова старченкова
2026-10-02,samootsenka-audiokniga,самооценка аудиокнига,462,Самооценка и личность,/artterapy,обзор,самооценка аудиокнига · аудио самооценка · онлайн аудиокнига самооценка
2026-10-02,psihologicheskiy-abyuz,психологический абьюз,457,Отношения и близость,/artterapy,обзор,психологический абьюз · эмоциональный абьюз · абьюз в психологии
2026-10-02,kak-povysit-samootsenku-knigi,как повысить самооценку книги,457,Самооценка и личность,/artterapy,что делать,как повысить самооценку книги · книги как полюбить себя и повысить самооценку · как поднять самооценку книги
2026-10-02,rebenok-obekt-vospitaniya,ребенок объект воспитания,456,Дети и подростки,/artterapy,обзор,ребенок объект воспитания · ребенок является объектом воспитания · ребенок субъект и объект воспитания · ребенок объект процесса воспитания
2026-10-02,sotsialnoe-razvitie-podrostkovogo-vozrasta,социальное развитие подросткового возраста,454,Дети и подростки,/artterapy,обзор,социальное развитие подросткового возраста · подростковый возраст социальная ситуация · социальная ситуация развития в подростковом возрасте · социальные особенности подросткового возраста · социальное развитие ребенка подросткового возраста · подростковый возраст социальные условия
2026-10-02,dissotsiatsiya-alyuminiya,диссоциация алюминия,450,Словарь и термины,/artterapy,обзор,диссоциация алюминия · диссоциация фосфата алюминия · гидроксид алюминия диссоциации
2026-10-02,insayt-v-psihologii,инсайт в психологии,447,Словарь и термины,/artterapy,обзор,инсайт в психологии · психологический инсайт · инсайт психологи · инсайт психологический центр
2026-10-02,vygotskiy-detskaya-psihologiya,выготский детская психология,447,Дети и подростки,/artterapy,обзор,выготский детская психология · выготский вопросы детской психологии · л с выготский детская психология
2026-10-02,vygoranie-emili,выгорание эмили,446,Выгорание и работа,/coach,обзор,выгорание эмили · книга выгорание эмили · выгорание эмили и амелия
2026-10-02,interpretatsiya-depressii,интерпретация депрессии,440,Тревога и депрессия,/artterapy,обзор,интерпретация депрессии · интернет депрессии · депрессия интервью
2026-10-02,osoznannoe-bessoznatelnoe,осознанное бессознательное,433,Словарь и термины,/artterapy,обзор,осознанное бессознательное · осознать бессознательное · осознание бессознательного
2026-10-02,psihiki-depressiya,психики депрессия,433,Тревога и депрессия,/artterapy,обзор,психики депрессия · психическая депрессия это · психические состояния депрессия
2026-10-02,geshtalt-v-otnosheniyah,гештальт в отношениях,432,Словарь и термины,/artterapy,обзор,гештальт в отношениях · закрыли гештальт отношений · гештальт закрыт в отношениях
2026-10-02,geshtalt-perevod,гештальт перевод,430,Словарь и термины,/artterapy,обзор,гештальт перевод · гештальт перевод с немецкого · гештальт переводится как
2026-10-02,kontakt-v-geshtalt-terapii,контакт в гештальт терапии,429,Словарь и термины,/artterapy,обзор,контакт в гештальт терапии · цикл контакта в гештальт терапии · прерывание контакта в гештальт терапии
2026-10-02,psihologicheskie-zaschitnye-mehanizmy,психологические защитные механизмы,427,Словарь и термины,/artterapy,обзор,психологические защитные механизмы · защитные механизмы в психологии · фрейд психология и защитные механизмы
2026-10-02,mobbing-na-rabote,моббинг на работе,424,Отношения и близость,/artterapy,обзор,моббинг на работе · моббинг это простыми · моббинг травля · жертвы моббинга · моббинг в коллективах · профилактика моббинга · моббинг сотрудников · психологический моббинг · моббинг как противостоять · моббинг в рабочих коллективах · как противостоять моббингу в коллективе · как противостоять моббингу в рабочих коллективах
2026-10-03,psihologiya-otnosheniy-slushat,психология отношений слушать,423,Отношения и близость,/artterapy,обзор,психология отношений слушать · психология отношений слушать онлайн · психология отношений слушать бесплатно
2026-10-03,stoit-li-prodolzhat-otnosheniya-s-muzhchinoy,стоит ли продолжать отношения с мужчиной,421,Отношения и близость,/artterapy,можно ли,стоит ли продолжать отношения с мужчиной · стоит ли строить отношения с мужчиной · стоит ли начинать отношения с мужчиной · стоит ли заводить отношения с мужчиной
2026-10-03,tuz-zhezlov-otnosheniya-s-muzhchinoy,туз жезлов отношения с мужчиной,417,Отношения и близость,/artterapy,обзор,туз жезлов отношения с мужчиной · туз кубков отношения с мужчиной · туз пентаклей на отношения с мужчиной
2026-10-03,prichinit-obidu,причинить обиду,416,Отношения и близость,/artterapy,причины,причина обиды · причинить обиду · причина смерти обида · обид асомов причина · причины смерти обида асомова · обид асомов биография причина · обид асомов биография причина смерти · обида чувство почему · причины обиды людей
2026-10-03,dissotsiatsiya-kaltsiya,диссоциация кальция,415,Словарь и термины,/artterapy,обзор,диссоциация кальция · диссоциации гидроксид кальция · диссоциации карбоната кальция · полная диссоциация гидроксида кальция · бромид кальция диссоциация
2026-10-03,vlyubilsya-posle-rasstavaniya,влюбился после расставания,412,Отношения и близость,/artterapy,обзор,влюбился после расставания · пепел подруга детства после расставания влюбилась · как влюбить после расставания
2026-10-03,sozavisimosti-chitat,созависимости читать,411,Отношения и близость,/artterapy,обзор,созависимости читать · созависимость читать онлайн · созависимость читать бесплатно · созависимость книга читать · созависимость читать бесплатно онлайн
2026-10-03,chuvstvo-opustoshennosti,чувство опустошенности,410,Эмоции и состояния,/artterapy,обзор,чувство опустошенности · эмоциональную опустошенность · опустошенность после · ощущение опустошенности · чувство эмоциональной опустошенности · хроническое чувство опустошенности
2026-10-03,ishemicheskaya-depressiya,ишемическая депрессия,407,Тревога и депрессия,/artterapy,обзор,ишемическая депрессия · ишемическая депрессия st · ишемия депрессия
2026-10-03,povyshena-trevozhnost-chto-delat,повышена тревожность что делать,406,Тревога и депрессия,/artterapy,что делать,повышена тревожность что делать · повышенная тревожность что делать · повышенная тревожность как избавиться
2026-10-03,bessoznatelnoe-proyavleniya,бессознательное проявления,396,Словарь и термины,/artterapy,признаки,бессознательное проявления · признаки бессознательного · признаки бессознательного состояния · нет случайных встреч есть проявление бессознательного · признаки бессознательного состояния пострадавшего
2026-10-03,depressiya-pri-beremennosti,депрессия при беременности,392,Тревога и депрессия,/artterapy,обзор,депрессия при беременности · депрессия во время беременности · депрессия у беременных
2026-10-03,klassy-elektroliticheskoy-dissotsiatsii,классы электролитической диссоциации,391,Словарь и термины,/artterapy,обзор,классы электролитической диссоциации · электролитическая диссоциация 9 класс · электролитическая диссоциация 11 класс · химия 9 класс электролитическая диссоциация · электролитическая диссоциация 11 класс химия урок
2026-10-03,kak-podderzhat-posle-rasstavaniya,как поддержать после расставания,387,Отношения и близость,/artterapy,для близких,как поддержать после расставания · как поддержать подругу при расставании · как поддержать парня при расставании · как поддержать человека при расставании · как поддержать подругу при расставании с парнем · если мужчина любит расставание · как поддержать подругу после расставания · как общаться с бывшим после расставания · как поддержать человека после расставания
2026-10-03,vospitanie-detey-tvorchestvom,воспитание детей творчеством,385,Дети и подростки,/artterapy,обзор,воспитание детей творчеством · творческое развитие и воспитание детей · творческая деятельность воспитание детей
2026-10-03,vygoranie-chitat,выгорание читать,384,Выгорание и работа,/coach,обзор,выгорание читать · выгорание читать онлайн · выгорание читать бесплатно · книга выгорание читать · выгорание читать онлайн бесплатно
2026-10-03,otnosheniya-s-manipulyatorom-muzhchinoy,отношения с манипулятором мужчиной,378,Отношения и близость,/artterapy,обзор,отношения с манипулятором мужчиной · манипуляции в отношениях с мужчиной · женские манипуляции в отношениях с мужчиной
2026-10-03,rabota-s-trevozhnostyu-rebenka,работа с тревожностью ребенка,376,Тревога и депрессия,/artterapy,обзор,работа с тревожностью ребенка · тревожность ребенка в школе · тревожность ребенка рекомендации
2026-10-03,mobbing-stadii,моббинг стадии,372,Отношения и близость,/artterapy,сколько,моббинг стадии · стадии развития моббинга · моббинг виды моббинга · количество стадии моббинга · количество стадий развития моббинга
2026-10-03,valentina-sozavisimost,валентина созависимость,371,Отношения и близость,/artterapy,обзор,валентина созависимость · валентин москаленко созависимость · валентина москаленко созависимость
2026-10-03,ratsionalizatsiya-v-psihologii,рационализация в психологии,369,Словарь и термины,/artterapy,обзор,рационализация в психологии · психологическая рационализация · психологическая защита рационализация · рационализация механизм психологической
2026-10-03,plenum-vospitanie-detey,пленум воспитание детей,366,Дети и подростки,/artterapy,обзор,пленум воспитание детей · пленум верховного суда воспитание детей · пленум 10 о воспитании детей
2026-10-03,bessoznatelnoe-sostoyanie-transportirovka,бессознательное состояние транспортировка,364,Словарь и термины,/artterapy,обзор,бессознательное состояние транспортировка · транспортировка в бессознательном состоянии каким образом · транспортировка в бессознательном состоянии осуществляется
2026-10-03,spetsifika-vospitaniya-detey,специфика воспитания детей,363,Дети и подростки,/artterapy,обзор,специфика воспитания детей · специфическое воспитание детей · специалист по воспитанию детей
2026-10-03,pri-dissotsiatsii-nitrata-natriya-obrazuetsya,при диссоциации нитрата натрия образуется,362,Словарь и термины,/artterapy,обзор,при диссоциации нитрата натрия образуется · при диссоциации нитрата кальция образуется · при диссоциации нитрата алюминия образуется · нитрат анион образуется при диссоциации · при диссоциации нитрата магния образуется · ионов образуются при диссоциации нитрата натрия · при диссоциации нитрата алюминия образуется ионов · при диссоциации нитрата железа iii образуются
2026-10-04,detskaya-psihologiya-otvety,детская психология ответы,361,Дети и подростки,/artterapy,обзор,детская психология ответы · ответы детских психологов · вопрос ответ детскому психологу · детская психология вопросы и ответы
2026-10-04,emotsionalnaya-impulsivnost,эмоциональная импульсивность,359,Эмоции и состояния,/artterapy,обзор,эмоциональная импульсивность · импульсивность поведения · импульсивность это простыми · импульсивность у детей · импульсивность агрессия · низкая импульсивность · импульсивность расстройство · импульсивность личности · склонность к импульсивности · гиперактивность импульсивность · импульсивность 1 · повышенная импульсивность · импульсивность действий · эмоциональность импульсивность · импульсивность темперамент · социальная импульсивность · импульсивность барратта · контроль импульсивности
2026-10-04,vospitanie-detey-v-razvode,воспитание детей в разводе,356,Дети и подростки,/artterapy,обзор,воспитание детей в разводе · воспитание детей после развода · воспитание детей в разводе отец
2026-10-04,ignor-posle-rasstavaniya,игнор после расставания,354,Отношения и близость,/artterapy,обзор,игнор после расставания · игнорировать после расставания · после расставания игнорит
2026-10-04,agressor-bullinga,агрессор буллинга,354,Отношения и близость,/artterapy,обзор,агрессор буллинга · агрессия буллинг · агрессивный буллинг
2026-10-04,psihika-podrostkovogo-vozrasta,психика подросткового возраста,353,Дети и подростки,/artterapy,обзор,психика подросткового возраста · психическое развитие подросткового возраста · психические расстройства подросткового возраста
2026-10-04,dissotsiatsiya-fosfata,диссоциация фосфата,352,Словарь и термины,/artterapy,обзор,диссоциация фосфата · фосфат кальция диссоциация · фосфат аммония диссоциация · диссоциация фосфата бария · диссоциация фосфата меди
2026-10-04,tebe-naverno-kazhetsya-chto-nashe-rasstavanie,тебе наверно кажется что наше расставание,349,Отношения и близость,/artterapy,обзор,тебе наверно кажется что наше расставание · скучаю по тебе расставание · я тосковал по тебе в минуты расставания
2026-10-04,glitsin-pomogaet-ot-trevozhnosti,глицин помогает от тревожности,341,Тревога и депрессия,/artterapy,обзор,глицин помогает от тревожности · помогает ли глицин от тревожности · валерьянка помогает от тревожности · помогает ли валерьянка от тревожности
2026-10-04,obestsenivanie-v-psihologii,обесценивание в психологии,339,Эмоции и состояния,/artterapy,обзор,обесценивание в психологии · психологическое обесценивание · психолог обесценивание · обесценивание психологическая защита
2026-10-04,lyublyu-parnya-posle-rasstavaniya,люблю парня после расставания,336,Отношения и близость,/artterapy,обзор,люблю парня после расставания · после расставания с парнем утешить парня · чувства парня после расставания · поддержать парня после расставания · письмо парня после расставания · фото парня после расставания · хочу вернуть парня после расставания
2026-10-04,dissotsiatsiya-karbonata,диссоциация карбоната,336,Словарь и термины,/artterapy,обзор,диссоциация карбоната · диссоциация карбоната магния · карбонат бария диссоциация · диссоциация карбоната аммония · карбонат аммония полная диссоциация
2026-10-04,kak-povysit-samootsenku-podrostku,как повысить самооценку подростку,332,Самооценка и личность,/artterapy,что делать,как повысить самооценку подростку · как поднять самооценку подростку · как поднять самооценку подростку девочке
2026-10-04,novikova-sozavisimost,новикова созависимость,330,Отношения и близость,/artterapy,обзор,новикова созависимость · валентина новикова созависимость · созависимость валентины новиковой · валентин новиков созависимость · лекции новиковой созависимость · новикова лекция созависимость · лекция валентины новиковой созависимость · валентина новикова лекции по созависимости · новикова зависимость и созависимость
2026-10-04,podrostkovaya-trevozhnost,подростковая тревожность,329,Тревога и депрессия,/artterapy,обзор,подростковая тревожность · снятие тревожности подростка · тревожность подростков особенности
2026-10-04,professionalnoe-vygoranie-psihologov,профессиональное выгорание психологов,327,Выгорание и работа,/coach,обзор,профессиональное выгорание психологов · психологическое и профессиональное выгорание · синдром психологического профессионального выгорания
2026-10-04,psihologiya-obschestvennyh-otnosheniy,психология общественных отношений,321,Отношения и близость,/artterapy,обзор,психология общественных отношений · психология отношений в обществе · отношения человек общество психология
2026-10-04,dva-mol-ionov-obrazuyutsya-pri-dissotsiatsii,два моль ионов образуются при диссоциации,312,Словарь и термины,/artterapy,обзор,два моль ионов образуются при диссоциации · какое количество ионов образуется при диссоциации · число ионов образующихся при диссоциации
2026-10-04,priznaki-vysokoy-empatii,признаки высокой эмпатии,302,Отношения и близость,/artterapy,признаки,признаки эмпатии · признаки высокой эмпатии · признаки эмпатии у человека · признаки высокого уровня эмпатии у человека · признаки отсутствия эмпатии
2026-10-04,elkonin-detskaya-psihologiya,эльконин детская психология,302,Дети и подростки,/artterapy,обзор,эльконин детская психология · детская психология эльконин д · эльконин д б детская психология
2026-10-04,ne-hochu-est-posle-rasstavaniya,не хочу есть после расставания,300,Отношения и близость,/artterapy,обзор,не хочу есть после расставания · есть ли шанс после расставания · есть ли после расставания с парнем
2026-10-04,metodiki-kopinga,методики копинга,299,Словарь и термины,/artterapy,упражнения,методики копинга · способ копинга · методика копинг стратегий
2026-10-04,massovaya-skorost-vygoraniya,массовая скорость выгорания,299,Выгорание и работа,/coach,обзор,скорость выгорания это · массовая скорость выгорания · удельная скорость выгорания · удельная массовая скорость выгорания
2026-10-04,konflikt-samootsenki,конфликт самооценки,296,Самооценка и личность,/artterapy,обзор,конфликт самооценки · конфликтная самооценка · тип самооценки конфликтный
2026-10-04,priznaki-abyuza-v-otnosheniyah,признаки абьюза в отношениях,295,Отношения и близость,/artterapy,признаки,признаки абьюза · признаки абьюза в отношениях · признаки женского абьюза · женский абьюз в отношениях признаки · признаки абьюза со стороны · признаки мужчины абьюза
2026-10-05,posle-rasstavaniya-pozdravil,после расставания поздравил,293,Отношения и близость,/artterapy,обзор,после расставания поздравил · поздравила с днем рождения после расставания · поздравлять ли после расставания
2026-10-05,psihologiya-roditelskih-otnosheniy,психология родительских отношений,290,Отношения и близость,/artterapy,обзор,психология родительских отношений · психология отношений дети родители · детско родительские отношения в психологии · психология отношений с родителями
2026-10-05,kak-povysit-samootsenku-rebenku,как повысить самооценку ребенку,288,Дети и подростки,/artterapy,что делать,как повысить самооценку ребенку · как поднять самооценку ребенку · как повысить самооценку и уверенность ребенку
2026-10-05,zaschity-vytesnenie,защиты вытеснение,287,Словарь и термины,/artterapy,обзор,защиты вытеснение · вытеснение защитной · психологическая защита вытеснение · механизмы защиты вытеснение
2026-10-05,kak-perestat-est-ot-skuki,как перестать есть от скуки,286,Эмоции и состояния,/artterapy,что делать,как перестать есть от скуки · как избавиться от скуки · как справиться со скукой
2026-10-05,koroleva-v-otnoshenii-s-muzhchinami,королева в отношении с мужчинами,285,Отношения и близость,/artterapy,обзор,королева в отношении с мужчинами · король кубков на отношения с мужчиной · королева пентаклей на отношения с мужчиной · король мечей на отношения с мужчиной · королева жезлов на отношения с мужчиной · королева кубков на отношения с мужчиной
2026-10-05,pri-dissotsiatsii-hlorida-natriya-obrazuyutsya,при диссоциации хлорида натрия образуются,283,Словарь и термины,/artterapy,обзор,при диссоциации хлорида натрия образуются · при диссоциации фосфата натрия образуется · при диссоциации гидроксида натрия образуется
2026-10-05,fosfat-kaliya-dissotsiatsiya,фосфат калия диссоциация,278,Словарь и термины,/artterapy,обзор,фосфат калия диссоциация · полная диссоциация фосфата калия · диссоциации карбонат калия · диссоциации гидроксида калия · карбонат калия полная диссоциация · гидроксид калия 3 диссоциация · диссоциация бромида калия
2026-10-05,priznaki-zhertvy-bullinga,признаки жертвы буллинга,276,Отношения и близость,/artterapy,признаки,признаки буллинга · признаки жертвы буллинга · буллинг проявления · признаки буллинга в школе
2026-10-05,empatiya-sposobnost-k-emotsionalnomu,эмпатия способность к эмоциональному,274,Отношения и близость,/artterapy,упражнения,эмпатия способность к эмоциональному · упражнение эмпатия · чувство эмпатии это способность
2026-10-05,kolichestvo-ionov-pri-dissotsiatsii,количество ионов при диссоциации,269,Словарь и термины,/artterapy,обзор,количество ионов при диссоциации · диссоциация ионов в воде · число ионов при диссоциации
2026-10-05,sozavisimost-zaytseva,созависимость зайцева,263,Отношения и близость,/artterapy,обзор,созависимость зайцева · зайцев созависимость · зайцев созависимость умение · зайцев созависимость любить · зайцев созависимость умение любить · зайцева созависимость умение любить
2026-10-05,intellektualnye-refleksii,интеллектуальные рефлексии,263,Словарь и термины,/artterapy,обзор,интеллектуальные рефлексии · рефлексия интеллекта · развитие интеллектуальной рефлексии
2026-10-05,pri-dissotsiatsii-hlorida-kaliya-obrazuetsya,при диссоциации хлорида калия образуется,260,Словарь и термины,/artterapy,обзор,при диссоциации хлорида калия образуется · хлорид ион образуется при диссоциации · диссоциации хлорида алюминия образуются · при диссоциации хлорида кальция образуется · хлорид анион образуется при диссоциации · при диссоциации хлорида магния образуется · при диссоциации хлорида калия образуется ионов
2026-10-05,zadachi-vospitaniya-rebenka-v-dou,задачи воспитания ребенка в доу,260,Дети и подростки,/artterapy,обзор,задачи воспитания ребенка в доу · воспитание и развитие ребенка в доу · цель воспитания ребенка в доу
2026-10-05,depressiya-na-samom-dele,депрессия на самом деле,259,Тревога и депрессия,/artterapy,обзор,депрессия на самом деле · как самому выйти из депрессии · как самому выйти из депрессии самые
2026-10-05,razvitie-rebenka-v-podrostkovom-vozraste,развитие ребенка в подростковом возрасте,259,Дети и подростки,/artterapy,обзор,развитие ребенка в подростковом возрасте · воспитание ребенка подросткового возраста · ребенок от рождения до подросткового возраста
2026-10-05,manipulyatsiya-rasstavaniem,манипуляция расставанием,258,Отношения и близость,/artterapy,обзор,манипуляция расставанием · манипулировать расставанием · манипулятор расставание
2026-10-05,kak-povysit-samootsenku-cheloveku,как повысить самооценку человеку,255,Самооценка и личность,/artterapy,что делать,как повысить самооценку человеку · как поднять человеку самооценку · как повысить самооценку другому человеку
2026-10-05,nartsissizm-dissotsiatsiya,нарциссизм диссоциация,254,Словарь и термины,/artterapy,обзор,нарциссизм диссоциация · нарциссизм диссоциация истерия · нарциссизм диссоциация истерия зависимость
2026-10-05,pri-dissotsiatsii-fosfata-kaliya-obrazuyutsya,при диссоциации фосфата калия образуются,250,Словарь и термины,/artterapy,обзор,при диссоциации фосфата калия образуются · при диссоциации карбоната калия образуются · при диссоциации гидроксида калия образуются · при диссоциации фосфата калия образуются катионы · при диссоциации фосфата калия образуется анион
2026-10-05,kak-snizit-trevozhnost-u-vzroslogo,как снизить тревожность у взрослого,250,Тревога и депрессия,/artterapy,что делать,как снизить тревожность у взрослого · как снять тревожность у взрослых · как снять тревожность и напряжение у взрослых · как снять тревожность у взрослых быстро
2026-10-05,podrostkovaya-separatsiya,подростковая сепарация,250,Отношения и близость,/artterapy,обзор,подростковая сепарация · норма сепарации подростков · сепарация у подростков
2026-10-05,geshtalt-detstva,гештальт детства,247,Словарь и термины,/artterapy,обзор,гештальт детства · гештальт детства закрыт · закрываю гештальты из детства
2026-10-05,rigidnost-simptom,ригидность симптом,241,Словарь и термины,/artterapy,признаки,ригидность симптом · ригидность мышц симптомы · признаки ригидности
2026-10-06,kak-zabyt-devushku-posle-rasstavaniya,как забыть девушку после расставания,239,Отношения и близость,/artterapy,обзор,как забыть девушку после расставания · как забыть любимую девушку после расставания · как забыть бывшую девушку после расставания
2026-10-06,golovachev-katarsis,головачев катарсис,238,Словарь и термины,/artterapy,обзор,головачев катарсис · катарсис головачева · василий головачев катарсис
2026-10-06,ratsionalizatsiya-rabochih,рационализация рабочих,237,Словарь и термины,/artterapy,обзор,рационализация рабочих · рационализации рабочих мест · система рационализации рабочего места
2026-10-06,psihologicheskoe-vytesnenie,психологическое вытеснение,233,Словарь и термины,/artterapy,обзор,психологическое вытеснение · вытеснение в психологии · психологический механизм вытеснения
2026-10-06,detskiy-predmet-psihologiya,детский предмет психология,233,Дети и подростки,/artterapy,обзор,детский предмет психология · предмет детской психологии является · детский психолог предметы
2026-10-06,poslerodovaya-depressiya-chto-delat,послеродовая депрессия что делать,231,Тревога и депрессия,/artterapy,что делать,послеродовая депрессия что делать · как справиться с послеродовой депрессией · как избавиться от послеродовой депрессии · послеродовая депрессия как помочь
2026-10-06,elektroliticheskuyu-dissotsiatsiyu-kislot,электролитическую диссоциацию кислот,226,Словарь и термины,/artterapy,обзор,электролитическую диссоциацию кислот · электролитическая диссоциация кислот оснований · электролитическая диссоциация кислот солей
2026-10-06,cherty-nizkoy-samootsenki,черты низкой самооценки,225,Самооценка и личность,/artterapy,обзор,черты низкой самооценки · проблема низкой самооценки · работа с низкой самооценкой
2026-10-06,kak-ponyat-chto-nachalsya-perehodnyy-vozrast,как понять что начался переходный возраст,223,Дети и подростки,/artterapy,как понять,как понять что начался переходный возраст · как понять что у тебя переходный возраст · как понять что у девочки переходный возраст
2026-10-06,detskiy-psiholog-vladivostok,детский психолог владивосток,219,Дети и подростки,/artterapy,обзор,детский психолог владивосток · детский психолог во владимире · детский психолог владикавказ
2026-10-06,poznavatelnoy-refleksii,познавательной рефлексии,217,Словарь и термины,/artterapy,обзор,познавательной рефлексии · рефлексия и познание · рефлексии познавательной деятельности
2026-10-06,rasstavanie-borodiny,расставание бородины,217,Отношения и близость,/artterapy,обзор,расставание бородины · расставание бородиной · расставание бородина и терехин
2026-10-06,yarost-prichina,ярость причина,214,Эмоции и состояния,/artterapy,причины,причины злости · причины гнева · ярость причина · злость без причины
2026-10-06,silnye-elektrolity-dissotsiatsiya,сильные электролиты диссоциация,213,Словарь и термины,/artterapy,обзор,сильные электролиты диссоциация · сильные слабые электролиты диссоциация · электролитическая диссоциация сильные электролиты
2026-10-06,osobennosti-podrostkovogo-vozrasta-otvet,особенности подросткового возраста ответ,212,Дети и подростки,/artterapy,обзор,особенности подросткового возраста ответ · подростковый возраст ответ 1 · подростковый возраст ответ 2
2026-10-06,detskaya-podrostkovaya-psihologiya,детская подростковая психология,212,Дети и подростки,/artterapy,обзор,детская подростковая психология · детский и подростковый психолог · детский психолог для подростка · детская психология подростки
2026-10-06,effekt-rasstavaniya,эффект расставания,211,Отношения и близость,/artterapy,обзор,эффект расставания · эффект щелчка при расставании · эффект щелчка пальцем при расставании
2026-10-06,lebedeva-geshtalt,лебедева гештальт,211,Словарь и термины,/artterapy,обзор,лебедева гештальт · лебедева путешествие в гештальт · гештальт лебедева иванова
2026-10-06,cmas-trevozhnosti-dlya-detey,cmas тревожности для детей,209,Тревога и депрессия,/artterapy,обзор,cmas тревожности для детей · тревожность детей и подростков · тревожность детей с рас · коррекция тревожности детей · проблема тревожности детей · тревожность игры для детей · тревожность детей с зпр · тревожность детей овз
2026-10-06,emotsionalnoe-razocharovanie,эмоциональное разочарование,205,Эмоции и состояния,/artterapy,обзор,эмоциональное разочарование · разочарование психология · самое чувство разочарование
2026-10-06,povedencheskoe-vygoranie,поведенческое выгорание,204,Выгорание и работа,/coach,обзор,поведенческое выгорание · поведение выгорания · когнитивно поведенческая терапия выгорания
2026-10-06,otvergayuschaya-izbegayuschaya-privyazannost,отвергающая избегающая привязанность,203,Отношения и близость,/artterapy,обзор,отвергающая избегающая привязанность · избегающий отвергающий тип привязанности · избегающе отвергающая привязанность · избегающе отвергающий тип привязанности · избегающие отвергаю избегающе отвергающий тип привязанности
2026-10-06,bulling-deviantnoe-povedenie,буллинг девиантное поведение,203,Отношения и близость,/artterapy,обзор,буллинг девиантное поведение · буллинг деструктивное поведение · буллинг и суицидальное поведение
2026-10-06,ellis-samootsenka,эллис самооценка,200,Самооценка и личность,/artterapy,обзор,эллис самооценка · вредная самооценка эллис · альберт эллис самооценка · альберт эллис вредная самооценка
2026-10-06,bessoznatelnoe-eto-v-psihologii,бессознательное это в психологии,200,Словарь и термины,/artterapy,обзор,бессознательное это в психологии · книга психология бессознательного · бессознательное как предмет психологии · бессознательное поведение в психологии · бессознательные психологические механизмы · психология бессознательные процессы
2026-10-07,zakryt-geshtalt-skolko,закрыть гештальт сколько,194,Словарь и термины,/artterapy,сколько,виды гештальта · закрыть гештальт сколько · гештальт сколько серий · закрыт гештальт сколько серий · закрыть гештальт сколько серий · типы гештальтов · виды гештальт терапии · этапы гештальта
2026-10-07,katastrofizatsiya-myshleniya,катастрофизация мышления,192,Словарь и термины,/artterapy,обзор,катастрофизация мышления · катастрофизация в психологии · искажение катастрофизация
2026-10-07,kak-deti-perezhivayut-razvod-roditeley,как дети переживают развод родителей,189,Отношения и близость,/artterapy,обзор,как дети переживают развод родителей · как мужчине пережить развод с женой · развод в 40 как пережили · как люди переживают развод · как легче пережить развод
2026-10-07,separatsiya-kak-perezhit,сепарация как пережить,184,Отношения и близость,/artterapy,что делать,сепарация как пережить · сепарация как перестать · сепарация как перестать зависеть · сепарация как перестать зависеть от других · сепарация как перестать зависеть от других людей · сепарация что делать
2026-10-07,obestsenivanie-negativizm,обесценивание негативизм,181,Эмоции и состояния,/artterapy,обзор,обесценивание негативизм · негативизм обесценивание строптивость · негативизм упрямство обесценивание протест бунт · упрямство негативизм протест бунт своеволие обесценивание
2026-10-07,yanvar-perehodnyy-vozrast,январь переходный возраст,179,Дети и подростки,/artterapy,обзор,январь переходный возраст · переходной возраст 3 январь · переходный возраст 3 январь hydy
2026-10-07,razdrazhenie-slizistoy-simptomy,раздражение слизистой симптомы,177,Эмоции и состояния,/artterapy,признаки,симптомы раздражения · раздражение слизистой симптомы
2026-10-07,kvalifikatsiya-detskogo-psihologa,квалификация детского психолога,177,Дети и подростки,/artterapy,обзор,квалификация детского психолога · психолог детский повышения квалификации · детская психология квалификация
2026-10-07,barton-psihologiya-otnosheniy,бартон психология отношений,176,Отношения и близость,/artterapy,обзор,бартон психология отношений · марк бартон психология отношений · марка психология отношений бартона
2026-10-07,vodopyanova-professionalnoe-vygoranie,водопьянова профессиональное выгорание,174,Выгорание и работа,/coach,обзор,водопьянова профессиональное выгорание · профессиональное выгорание водопьяновой · профессиональное выгорание н е водопьяновой
2026-10-07,slova-parnyu-posle-rasstavaniya,слова парню после расставания,170,Отношения и близость,/artterapy,обзор,слова парню после расставания · вопросы парню после расставания · парню хорошо после расставания
2026-10-07,perehodnyy-pensionnyy-vozrast,переходный пенсионный возраст,156,Дети и подростки,/artterapy,обзор,переходный пенсионный возраст · переходный период пенсионного возраста · переходный возраст пенсия
2026-10-07,detskaya-psihologiya-smirnovoy,детская психология смирновой,148,Дети и подростки,/artterapy,обзор,детская психология смирновой · смирнова детская психология · детский психолог смирнова
2026-10-07,detskiy-psiholog-medvedeva,детский психолог медведева,147,Дети и подростки,/artterapy,обзор,детский психолог медведева · психолог детский медведево · ирина медведева детский психолог
2026-10-07,isterika-u-rebenka-1-mesyats,истерика у ребенка 1 месяц,137,Дети и подростки,/artterapy,обзор,истерика у ребенка 1 месяц · истерика у ребенка 2 месяца · истерика у ребенка 5 месяцев · истерики у ребенка 8 месяцев
2026-10-07,spetsialnost-detskaya-psihologiya,специальность детская психология,134,Дети и подростки,/artterapy,обзор,специальность детская психология · специальная детская психология · специальный детский психолог · специальность детский психолог
2026-10-07,revnost-byvshego-prichiny,ревность бывшего причины,114,Отношения и близость,/artterapy,причины,причины ревности · ревность бывшего причины · ревность без причин
2026-10-07,refleksiya-pravilo,рефлексия правило,106,Словарь и термины,/artterapy,обзор,рефлексия правило · как правильно говорить рефлексия · как правильно обсуждать поступки при рефлексии
