дата,title,url,cta
2026-09-01,Виды психологов: кто чем занимается и к кому идти с вашим запросом,/blog/vidy-psihologov.html,/praktik
2026-09-01,Воспитание детей в семье: что на самом деле формирует ребёнка,/blog/vospitanie-detey-v-seme.html,/artterapy
2026-09-01,"Выгорание на работе: почему оно случается и что делать, если уйти нельзя",/blog/vygoranie-na-rabote.html,/coach
2026-09-01,Газлайтинг: что это такое простыми словами,/blog/slovar/gazlayting.html,/artterapy
2026-09-01,Гештальт: что это такое простыми словами,/blog/slovar/geshtalt.html,/artterapy
2026-09-01,Инсайт: что это такое простыми словами,/blog/slovar/insayt.html,/artterapy
2026-09-01,"Как выйти из депрессии: что помогает, когда сил почти нет",/blog/kak-vyyti-iz-depressii.html,/artterapy
2026-09-01,"Как избавиться от страха: что работает, когда он мешает жить",/blog/kak-izbavitsya-ot-straha.html,/artterapy
2026-09-01,Как пережить расставание: что помогает прожить и отпустить,/blog/kak-perezhit-rasstavanie.html,/artterapy
2026-09-01,"Как справиться с проблемами в отношениях: что делать, когда стало трудно",/blog/kak-spravitsya-otnosheniya.html,/artterapy
2026-09-01,"Кризис в отношениях: признаки, этапы и что с этим делать",/blog/krizis-v-otnosheniyah.html,/artterapy
2026-09-01,Отношения простыми словами: что это такое и на чём держатся,/blog/otnosheniya-prostymi-slovami.html,/artterapy
2026-09-01,Подростковый возраст: со скольки лет начинается и когда заканчивается,/blog/podrostok-prostymi-slovami.html,/artterapy
2026-09-01,Привязанность в отношениях: как устроена связь между двумя людьми,/blog/privyazannost-v-otnosheniyah.html,/artterapy
2026-09-01,"Признаки отношения мужчины: как понять, что он чувствует",/blog/priznaki-otnoshenie-muzhchiny.html,/artterapy
2026-09-01,Причины депрессии: откуда она берётся и почему бывает «без повода»,/blog/prichiny-depressii.html,/artterapy
2026-09-01,Причины развода: почему распадаются браки,/blog/prichiny-razvoda.html,/artterapy
2026-09-01,Причины страха: откуда он берётся и зачем нужен,/blog/prichiny-straha.html,/artterapy
2026-09-01,Стадии расставания: как проживается разрыв отношений,/blog/stadii-rasstavaniya.html,/artterapy
2026-09-01,Сублимация: что это такое простыми словами,/blog/slovar/sublimaciya.html,/artterapy
2026-09-01,Триггер: что это такое простыми словами,/blog/slovar/trigger.html,/artterapy
2026-09-01,"Упражнения для детей: практики на эмоции, тревогу, злость и самооценку",/blog/uprazhneniya-dlya-detey.html,/online
2026-09-01,"Упражнения для подростков: практики на эмоции, тревогу и самооценку",/blog/uprazhneniya-dlya-podrostkov.html,/artterapy
2026-09-01,Фрустрация: что это такое простыми словами,/blog/slovar/frustraciya.html,/artterapy
2026-09-01,Эмпатия: что это такое простыми словами,/blog/slovar/empatiya.html,/artterapy
2026-09-02,Апатия: что это такое простыми словами,/blog/slovar/apatiya-slovar.html,/artterapy
2026-09-02,Буллинг на работе: как распознать травлю в коллективе и что с этим делать,/blog/bulling-na-rabote.html,/artterapy
2026-09-02,Депрессия простыми словами: что это за состояние,/blog/slovar/depressiya-slovar.html,/artterapy
2026-09-02,Избегающая привязанность в отношениях: как ведёт себя партнёр и что делать,/blog/izbegayuschaya-privyazannost-v-otnosheniyah.html,/artterapy
2026-09-02,Избегающий тип привязанности у мужчин: как он устроен изнутри,/blog/izbegayuschiy-tip-privyazannosti-u-muzhchin.html,/artterapy
2026-09-02,"Как вести себя с мужчиной в отношениях: честно, без правил игры",/blog/kak-vesti-sebya-s-muzhchinoy-v-otnosheniyah.html,/artterapy
2026-09-02,Как понять привязанность: где заканчивается любовь и начинается зависимость,/blog/kak-ponyat-privyazannost.html,/artterapy
2026-09-02,"Как понять, что у тебя депрессия: честный ответ психолога",/blog/kak-ponyat-chto-u-tebya-depressiya.html,/artterapy
2026-09-02,Как проявляется депрессия: изнутри и глазами близких,/blog/kak-proyavlyaetsya-depressiya.html,/artterapy
2026-09-02,Как справиться с выгоранием: что делать на каждой глубине и как идёт восстановление,/blog/kak-spravitsya-s-vygoraniem.html,/coach
2026-09-02,Катарсис: что это такое простыми словами,/blog/slovar/katarsis.html,/artterapy
2026-09-02,Невроз у женщин: когда психика перестаёт вытягивать нагрузку,/blog/nevroz-u-zhenschin.html,/artterapy
2026-09-02,Причины тревожности: откуда она берётся и почему не проходит сама,/blog/prichiny-trevozhnosti.html,/artterapy
2026-09-02,Рефлексия простыми словами: что это такое,/blog/slovar/refleksiya-slovar.html,/artterapy
2026-09-02,Сепарация: что это такое простыми словами,/blog/slovar/separaciya.html,/artterapy
2026-09-02,Симбиоз: что это такое простыми словами,/blog/slovar/simbioz.html,/artterapy
2026-09-02,Тревожная привязанность в отношениях: как выйти из режима ожидания,/blog/trevozhnaya-privyazannost-v-otnosheniyah.html,/artterapy
2026-09-02,Чем отличается психолог от клинического психолога,/blog/chem-otlichaetsya-psiholog-ot-klinicheskogo-psihologa.html,/praktik
2026-09-02,"Чем отличается психолог от психиатра: полномочия, приём и к кому идти",/blog/chem-otlichaetsya-psiholog-ot-psihiatra.html,/praktik
2026-09-02,Чем отличается психолог от психотерапевта: разбор без путаницы,/blog/chem-otlichaetsya-psiholog-ot-psihoterapevta.html,/praktik
2026-09-02,Эго: что это такое простыми словами,/blog/slovar/ego.html,/artterapy
2026-09-02,Этапы воспитания ребёнка: что важно в каждом возрасте,/blog/etapy-vospitaniya-rebenka.html,/artterapy
2026-09-02,Этапы нравственного воспитания ребёнка: как формируется совесть,/blog/etapy-nravstvennogo-vospitaniya-rebenka.html,/artterapy
2026-09-02,Этапы работы психолога с клиентом: от первой встречи до завершения,/blog/etapy-raboty-psihologa.html,/praktik
2026-09-03,Абьюз: что это такое простыми словами,/blog/slovar/abyuz.html,/artterapy
2026-09-03,Виды деятельности психолога: чем он занимается на практике,/blog/vidy-deyatelnosti-psihologa.html,/praktik
2026-09-03,Виды психотерапии: основные направления и кому что подходит,/blog/vidy-psihoterapii.html,/praktik
2026-09-03,Виды работы психолога: форматы консультаций и как выбрать свой,/blog/vidy-raboty-psihologa.html,/praktik
2026-09-03,Выгорание в отношениях: когда нет сил на партнёра,/blog/vygoranie-v-otnosheniyah.html,/artterapy
2026-09-03,"Депрессия после родов: как её узнают, проживают и чем можно помочь",/blog/depressiya-posle-rodov.html,/artterapy
2026-09-03,"Как выйти из отношений с мужчиной: решение, разговор и первые недели",/blog/kak-vyyti-iz-otnosheniy-s-muzhchinoy.html,/artterapy
2026-09-03,"Как выражать привязанность в отношениях, если это трудно",/blog/kak-vyrazit-privyazannost.html,/artterapy
2026-09-03,"Как избавиться от привязанности: что делать, когда держит человек",/blog/kak-izbavitsya-ot-privyazannosti.html,/artterapy
2026-09-03,Как перестать подавлять эмоции: четыре шага без насилия над собой,/blog/kak-perestat-podavlyat-emocii.html,/artterapy
2026-09-03,Как понять отношения с мужчиной: куда они движутся на самом деле,/blog/kak-ponyat-otnosheniya-s-muzhchinoy.html,/artterapy
2026-09-03,"Как строить отношения с мужчиной: близость, границы и трудные разговоры",/blog/kak-stroit-otnosheniya-s-muzhchinoy.html,/artterapy
2026-09-03,Невроз у взрослых: что стоит за этим словом и что с этим делать,/blog/nevroz-u-vzroslyh.html,/artterapy
2026-09-03,Переходный возраст у детей: как начинается и что делать родителю,/blog/perehodnyy-vozrast-u-detey.html,/artterapy
2026-09-03,"Признаки буллинга: как понять, что ребёнка травят в школе",/blog/priznaki-bullinga.html,/artterapy
2026-09-03,Причины апатии: почему пропадают силы и желания,/blog/prichiny-apatii.html,/artterapy
2026-09-03,Причины выгорания: из чего оно складывается на самом деле,/blog/prichiny-vygoraniya.html,/coach
2026-09-03,Причины ревности: откуда она берётся и что стоит за вспышкой,/blog/prichiny-revnosti.html,/artterapy
2026-09-03,Причины чувства тревоги: откуда оно берётся и почему бывает без повода,/blog/prichiny-chuvstvo-trevogi.html,/artterapy
2026-09-03,Самооценка в отношениях: как она проявляется и что с ней делать,/blog/samoocenka-v-otnosheniyah.html,/artterapy
2026-09-03,Синдром самозванца простыми словами,/blog/slovar/sindrom-samozvanca-slovar.html,/artterapy
2026-09-03,Стадии выгорания: как оно разворачивается и где вы сейчас,/blog/stadii-vygoraniya.html,/coach
2026-09-03,"Эмоциональные качели в отношениях: почему то тепло, то холод",/blog/emocionalnye-kacheli-v-otnosheniyah.html,/artterapy
2026-09-03,Этапы развития и воспитания ребенка: что происходит с психикой в каждом возрасте,/blog/etapy-razvitiya-i-vospitaniya-rebenka.html,/artterapy
2026-09-04,Амбивалентность: что это такое простыми словами,/blog/slovar/ambivalentnost.html,/artterapy
2026-09-04,Виды буллинга: какой бывает травля и как её распознать,/blog/vidy-bullinga.html,/artterapy
2026-09-04,Воспитание детей в семье: частые вопросы родителей,/blog/voprosy-vospitanie-detey-v-seme.html,/artterapy
2026-09-04,Ипохондрия: что это такое простыми словами,/blog/slovar/ipohondriya.html,/artterapy
2026-09-04,Испанский стыд: что это такое простыми словами,/blog/slovar/ispanskiy-styd.html,/artterapy
2026-09-04,Как избавиться от стыда: что реально уменьшает его власть,/blog/kak-izbavitsya-ot-styda.html,/artterapy
2026-09-04,Как понять свою самооценку: по каким признакам её видно,/blog/kak-ponyat-samoocenku.html,/artterapy
2026-09-04,"Как справиться с апатией: что делать, когда сил нет совсем",/blog/kak-spravitsya-s-apatiey.html,/artterapy
2026-09-04,Лабильность: что это такое простыми словами,/blog/slovar/labilnost.html,/artterapy
2026-09-04,Признаки ревности: как её узнать в себе и в партнёре,/blog/priznaki-revnosti.html,/artterapy
2026-09-04,Причины злости: почему вы злитесь и что стоит за вспышкой,/blog/prichiny-zlosti.html,/artterapy
2026-09-04,Развитие и воспитание ребенка в семье: что даёт дом,/blog/razvitie-i-vospitanie-rebenka-v-seme.html,/artterapy
2026-09-04,Регрессия: что это такое простыми словами,/blog/slovar/regressiya.html,/artterapy
2026-09-04,Ригидность: что это такое простыми словами,/blog/slovar/rigidnost.html,/artterapy
2026-09-04,Стыд: что это такое простыми словами,/blog/slovar/styd.html,/artterapy
2026-09-04,Типы воспитания детей: чем различаются и что каждый даёт ребёнку,/blog/tipy-vospitaniya-detey.html,/artterapy
2026-09-04,Тревожно-избегающая привязанность в отношениях: иди ко мне — уйди от меня,/blog/trevozhno-izbegayuschaya-privyazannost-v-otnosheniyah.html,/artterapy
2026-09-04,Тревожность в отношениях: почему рядом с близким становится неспокойно,/blog/trevozhnost-v-otnosheniyah.html,/artterapy
2026-09-05,Виды самооценки: какая бывает и как понять свою,/blog/vidy-samoocenki.html,/artterapy
2026-09-05,"Воспитание и обучение детей в семье: уроки, оценки и мотивация",/blog/vospitanie-i-obuchenie-detey-v-seme.html,/artterapy
2026-09-05,Депривация: что это такое простыми словами,/blog/slovar/deprivaciya.html,/artterapy
2026-09-05,Как избавиться от тревожности и навязчивых мыслей: разорвать петлю,/blog/kak-izbavitsya-ot-trevozhnosti-i-navyazchivyh-mysley.html,/artterapy
2026-09-05,Как отличить привязанность от любви: четыре честные проверки,/blog/kak-otlichit-privyazannost.html,/artterapy
2026-09-05,"Как пережить депрессию: как жить, пока состояние длится",/blog/kak-perezhit-depressiyu.html,/artterapy
2026-09-05,Как справиться с буллингом: что делать ребёнку и родителю,/blog/kak-spravitsya-s-bullingom.html,/artterapy
2026-09-05,Как справиться с грустью: что помогает её прожить,/blog/kak-spravitsya-s-grustyu.html,/artterapy
2026-09-05,"Как успокоить тревожность: что делать в момент, когда накрывает",/blog/kak-uspokoit-trevozhnost.html,/artterapy
2026-09-05,От чего зависит самооценка: что её формирует на самом деле,/blog/prichiny-samoocenki.html,/artterapy
2026-09-05,"Отношения с нарциссом мужчиной: признаки, которые легко пропустить",/blog/priznaki-otnosheniya-s-narcissom-muzhchinoy.html,/artterapy
2026-09-05,Повышенная тревожность у взрослых: как она устроена и что с ней делать,/blog/povyshennaya-trevozhnost-u-vzroslyh.html,/artterapy
2026-09-05,Признаки низкой самооценки: как она выглядит в обычной жизни,/blog/priznaki-nizkoy-samoocenki.html,/artterapy
2026-09-05,Причины буллинга: почему в группе возникает травля,/blog/prichiny-bullinga.html,/artterapy
2026-09-05,Социальное воспитание ребенка в семье: как он учится жить среди людей,/blog/socialnoe-vospitanie-rebenka-v-seme.html,/artterapy
2026-09-05,Типы отношений в психологии: как устроена связь между двумя,/blog/tipy-otnosheniy-v-psihologii.html,/praktik
2026-09-05,Что происходит с подростком: причины перемен в поведении,/blog/prichiny-podrostkovogo-vozrasta.html,/artterapy
2026-09-05,Эффект Даннинга — Крюгера простыми словами,/blog/slovar/effekt-danninga-kryugera.html,/artterapy
2026-09-06,Диссоциация: что это такое простыми словами,/blog/slovar/dissociaciya.html,/artterapy
2026-09-06,"Как проявляется тревожность: в теле, мыслях и поведении",/blog/kak-proyavlyaetsya-trevozhnost.html,/artterapy
2026-09-06,Как справиться с паникой: что делать в момент приступа,/blog/kak-spravitsya-s-panikoy.html,/artterapy
2026-09-06,Кто такой клинический психолог простыми словами,/blog/klinicheskiy-psiholog-prostymi-slovami.html,/praktik
2026-09-06,Нужно ли психологу образование: что даёт диплом и что нет,/blog/nuzhno-li-psihologu-obrazovanie.html,/praktik
2026-09-06,Признаки депрессии у мужчин: как состояние маскируется,/blog/priznaki-depressii-u-muzhchin.html,/artterapy
2026-09-06,"Признаки подросткового возраста: как понять, что он начался",/blog/priznaki-podrostkovogo-vozrasta.html,/artterapy
2026-09-06,Техники когнитивной психотерапии: как они работают на практике,/blog/tehniki-kognitivnoy-psihoterapii.html,/praktik
2026-09-06,Условия воспитания ребенка в семье: что важно на самом деле,/blog/usloviya-vospitaniya-rebenka-v-seme.html,/artterapy
2026-09-06,Формы воспитания ребенка в семье: через что оно происходит,/blog/formy-vospitaniya-rebenka-v-seme.html,/artterapy
2026-09-06,"Этапы подросткового возраста: ранний, средний и поздний",/blog/etapy-podrostkovogo-vozrasta.html,/artterapy
2026-09-07,"Отношения с абьюзером мужчиной: признаки, которые видно изнутри",/blog/priznaki-otnosheniya-s-abyuzerom-muzhchinoy.html,/artterapy
2026-09-07,Руминация простыми словами,/blog/slovar/ruminaciya.html,/artterapy
2026-09-07,Служебный роман: отношения на работе,/blog/otnosheniya-s-muzhchinoy-na-rabote.html,/artterapy
2026-09-07,Упражнения от тревоги: что делать в пике и что — каждый день,/blog/uprazhneniya-ot-trevogi.html,/online
2026-09-08,Воспитание ребёнка дошкольного возраста в семье: что важно в 3–7 лет,/blog/vospitaniya-rebenka-doshkolnogo-vozrasta-v-seme.html,/artterapy
2026-09-08,Зависть: что это такое простыми словами,/blog/slovar/zavist.html,/artterapy
2026-09-08,Задачи воспитания детей в семье: что родителю действительно нужно решить,/blog/zadachi-vospitaniya-detey-v-seme.html,/artterapy
2026-09-08,Как избавиться от невроза: как выйти из невротического состояния,/blog/kak-izbavitsya-ot-nevroza.html,/artterapy
2026-09-08,"Как понять, что у тебя выгорание: наблюдение вместо чек-листа",/blog/kak-ponyat-chto-u-tebya-vygoranie.html,/coach
2026-09-08,"Как разговаривать с партнёром: слушать, просить и говорить о трудном",/blog/kak-obschatsya-s-muzhchinoy-v-otnosheniyah.html,/artterapy
2026-09-08,После кризиса в отношениях: как возвращаются доверие и близость,/blog/posle-krizisa-v-otnosheniyah.html,/artterapy
2026-09-08,Техники восстановления при выгорании: что реально возвращает силы,/blog/tehniki-vygoraniya.html,/coach
