giperkontrol,test-slozhnyy-harakter,2026-06-24,2026-08-03
muzhchina-posle-rasstavaniya,priznaki-depressii-u-muzhchin,2026-09-04,2026-09-06
narciss-kak-raspoznat,rasstroystva-lichnosti,2026-07-30,2026-07-31
narciss-kak-raspoznat,rasstroystva-lichnosti,2026-07-30,2026-07-31
perehodnyy-vozrast-u-devochek,etapy-podrostkovogo-vozrasta,2026-09-05,2026-09-06
perehodnyy-vozrast-u-devochek,priznaki-podrostkovogo-vozrasta,2026-09-05,2026-09-06
agressiya-prichiny,manipulyacii-v-otnosheniyah,2026-07-28,2026-07-30
agressiya-prichiny,manipulyacii-v-otnosheniyah,2026-07-28,2026-07-30
pochemu-snyatsya-koshmary,kak-spravitsya-s-panikoy,2026-09-03,2026-09-06
arhetip-teni,test-arhetip,2026-07-28,2026-08-03
snitsya-dom,kollektivnoe-bessoznatelnoe,2026-09-05,2026-09-06
depressiya-posle-depressii,kak-perezhit-depressiyu,2026-09-04,2026-09-05
kognitivnye-iskazheniya,tehniki-kognitivnoy-psihoterapii,2026-09-04,2026-09-06
chto-takoe-mak-karty,kak-vybrat-kolodu-mak,2026-06-04,2026-06-11
chto-takoe-mak-karty,kak-vybrat-kolodu-mak,2026-06-04,2026-06-11
chto-takoe-mak-karty,chto-takoe-art-terapiya,2026-06-04,2026-06-12
chto-takoe-mak-karty,kak-vybrat-kolodu-mak,2026-06-04,2026-06-11
chto-takoe-mak-karty,chto-takoe-art-terapiya,2026-06-04,2026-06-12
snitsya-pozhar,kak-ponyat-chto-u-tebya-vygoranie,2026-09-07,2026-09-08
vospitanie-rebenka-vozrastu,vospitaniya-rebenka-doshkolnogo-vozrasta-v-seme,2026-09-04,2026-09-08
tipy-privyazannosti,test-tip-privyazannosti,2026-08-01,2026-08-02
celi-na-novyy-god,dostizhenie-celi,2026-06-16,2026-06-18
psihologiya-lichnosti,tipy-temperamenta,2026-07-31,2026-08-01
psihologiya-lichnosti,tipy-temperamenta,2026-07-31,2026-08-01
kto-takoy-psiholog,psihoanaliz-prostymi-slovami,2026-07-30,2026-07-31
snitsya-zmeya,prichiny-zlosti,2026-09-02,2026-09-04
kak-spravitsya-s-revnostyu,test-revnost,2026-06-24,2026-08-03
sindrom-otlichnicy,test-slozhnyy-harakter,2026-06-24,2026-08-03
perfekcionizm,test-slozhnyy-harakter,2026-06-23,2026-08-03
smart-celi,dostizhenie-celi,2026-06-16,2026-06-18
refleksiya,zhiznennye-cennosti,2026-07-31,2026-08-01
refleksiya,zhiznennye-cennosti,2026-07-31,2026-08-01
celi-na-god,dostizhenie-celi,2026-06-16,2026-06-18
emocionalnyy-intellekt,test-emocionalnyy-intellekt,2026-07-29,2026-08-03
bulling-v-shkole,kak-spravitsya-s-bullingom,2026-09-04,2026-09-05
bulling-v-shkole,prichiny-bullinga,2026-09-04,2026-09-05
kak-povysit-samoocenku,test-samoocenka,2026-07-30,2026-08-03
deviantnoe-povedenie-podrostkov,psihologiya-podrostka,2026-07-29,2026-07-31
deviantnoe-povedenie-podrostkov,sdvg-priznaki,2026-07-29,2026-08-01
deviantnoe-povedenie-podrostkov,psihologiya-podrostka,2026-07-29,2026-07-31
deviantnoe-povedenie-podrostkov,sdvg-priznaki,2026-07-29,2026-08-01
vidy-bullinga,kak-spravitsya-s-bullingom,2026-09-04,2026-09-05
razbor-snov-po-jungu,kollektivnoe-bessoznatelnoe,2026-09-02,2026-09-06
zhenskie-arhetipy,test-arhetip,2026-06-23,2026-08-03
autizm-priznaki,sdvg-priznaki,2026-07-29,2026-08-01
autizm-priznaki,psihologiya-podrostka,2026-07-29,2026-07-31
introvert-i-ekstravert,tipy-temperamenta,2026-07-30,2026-08-01
zdorovye-otnosheniya,test-otnosheniya,2026-08-01,2026-08-03
emocionalnaya-zavisimost,tipy-privyazannosti,2026-07-29,2026-08-01
empatiya,tipy-privyazannosti,2026-07-30,2026-08-01
empatiya,psihologiya-konflikta,2026-07-30,2026-07-31
mbti-tipy-lichnosti,tipy-temperamenta,2026-07-30,2026-08-01
mbti-tipy-lichnosti,tipy-temperamenta,2026-07-30,2026-08-01
akcentuacii-haraktera,rasstroystva-lichnosti,2026-07-28,2026-07-31
akcentuacii-haraktera,tipy-temperamenta,2026-07-28,2026-08-01
akcentuacii-haraktera,psihologiya-lichnosti,2026-07-28,2026-07-31
akcentuacii-haraktera,tipy-temperamenta,2026-07-28,2026-08-01
akcentuacii-haraktera,mbti-tipy-lichnosti,2026-07-28,2026-07-30
akcentuacii-haraktera,psihologiya-lichnosti,2026-07-28,2026-07-31
akcentuacii-haraktera,test-slozhnyy-harakter,2026-07-28,2026-08-03
tipy-temperamenta,test-tip-temperamenta,2026-08-01,2026-08-03
