блок,название_блока,cta,тема,частота,тип_вопроса,объект,покрыто,ключи
10,Медитации и практики,/online,дыхательная техника 4 7,81442,упражнения,дыхательная,,дыхательная техника 4 7 · дыхательное упражнение 4 7 · дыхательные упражнения по методике 4 7 · дыхательное упражнение 7 7 · дыхательные практики · дыхательная практика 4 · дыхательная практика 4 7 · дыхательная практика · дыхательная практика 4 4 · дыхательная практика 20 20 · лучшие упражнения дыхательной гимнастики · дыхательные практики вима · дыхательная практика хофа · дыхательный метод вима хофа видеодыхательная практика хофа · реанимационные мероприятия методы восстановления проходимости дыхательных путейдыхательная практика хофа · дыхательная практика вима хофа · дыхательная практика метод 4 7 · дыхательные практики для успокоения · дыхательное упражнение · системы дыхательных практик · дыхательная практика мориарти · дыхательная практика видео · дыхательная практика метелица · дыхательные упражнения практика · дыхательные практики йогов
10,Медитации и практики,/online,дыхательная 7,74233,обзор,дыхательная,,дыхательная 7 · дыхательная гимнастика 4 7 · дыхательная гимнастика 4 · вим хоф дыхательная гимнастика 1. · дыхательная гимнастика вима · дыхательная гимнастика вима хофа · вим хоф дыхательная гимнастика · вим хоф дыхательная гимнастика на русском · дыхательная система 4 7 · дыхательный метод 4 7 · тренажер дыхательной гимнастики 4 7 · дыхательная гимнастика для детей · дыхательная гимнастика для детей 6 · дыхательная гимнастика вима хофа на русском языке · дыхательная гимнастика · дыхательная гимнастика вима хоффа · дыхательная гимнастика 7 минут · дыхательная гимнастика вима хофа видео · дыхательная гимнастика при панических атаках
10,Медитации и практики,/online,медитация для сна,43469,обзор,медитация,да,медитация для сна · медитация для сна бесплатно · медитация сна реклама · медитация для глубокого сна · медитация для сна елена · лучшие медитации для сна · медитация для сна бобровский · звук медитации для сна · бесплатная медитация для хорошего сна · медитация для сна видео · медитации для сна онлайн бесплатно · медитация ракицкий для сна · релаксация медитация для сна · медитация для сна детям · успокаивающая медитация для сна · шум для сна и медитации · медитация для сна природа · час медитация сна · медитации для сна лес · медитация снятие для сна · медитация для сна дождь · для сна море медитация · медитация для сна пение птиц · медитация для сна 15 минут · медитация для сна снятия стресса · медитация для сна шум моря · медитация для сна елена балацкая · восстановление сна медитация · медитация для сна за минуту · лучшая медитация для сна для женщин · медитация для сна со словами · медитация для сна никита · медитация для сна от бессонницы · релакс медитация для сна · медитация для сна волна · медитация для крепкого сна · медитация звук дождя для сна
10,Медитации и практики,/online,медитации 2,21741,обзор,медитация,,медитации 2 · медитация бесплатно · медитация 17 · медитации елены · медитация онлайн · система медитации · медитация 11 · медитация видео · медитация онлайн бесплатно · лучшие медитации · медитация йог · как медитировать · реклама медитаций · медитация психики · женская медитация · поза для медитации · теле медитация · медитация игоря · бобровский медитация · медитация ракицкий · время медитации · лучшие бесплатные медитации · медитация mp · слова для медитации · медитация мп · медитация самому · медитация душ · медитации мр · медитация снятие · медитация ли · денис тяста медитации · денис тясто медитации · медитация на желание · медитация жизни · денежная медитация · хоопонопоно медитация · какая медитация · медитация на исполнение · чаши для медитации · медитация со
10,Медитации и практики,/online,гиа осознанность профориентация,20266,обзор,осознанность,,гиа осознанность профориентация · медитация и осознанность · осознанность книга · про осознанность · энди паддикомб медитация и осознанность · осознанность выбора лихов пер · вопросы осознанности · ошо осознанность · осознанность люди · слово осознанность · осознанность марк · осознанность выбора · мир осознанности · суть осознанности · развитие осознанности · осознанность принципы · ошо осознанность часть · дзен осознанность · осознанность работе · жизнь в осознанности · навыки осознанности · осознанность бесплатно · свет осознанности · гармония осознанности · осознанность обучения · осознанность детей · осознанность это простыми · осознанность в нашем безумном мире · эмоциональная осознанность · свет осознанности дзен · пробуждение осознанности · осознанность видео · осознанность читать · осознанность целей · взрослая осознанность · высокая осознанность · осознанность ответственность · осознанность онлайн · принцип осознанности обучения · терапию осознанности
10,Медитации и практики,/online,медитация исцеление,15577,обзор,медитация,,медитация исцеление · исцеляющие медитации · медитация агеева исцеляющая · исцеляющая медитация михаила · михаил агеев исцеляющая медитация · медитация исцеление вегетативной · исцеление вегетативной системы медитация · медитация на здоровье и исцеление · медитация исцеление внутренних · ливанда медитации исцеления · андреев медитация исцеления · исцеление звуком медитации · агеев медитация исцеления · медитации игоря андреева исцеление · медитация на исцеление и оздоровление · исцеление медитации видео · исцеляющая медитации и релаксации · михаил агеев медитация исцеления · мощная медитация исцеление · исцеляющая медитация ливанда · исцеляющие медитации ливанды · медитации ливанды исцеляющие ливанда · медитации исцеляющий сон · медитация исцеления внутренних органов · медитации исцеления бесплатно · исцеляющая медитация в потоке · медитация исцеление тела · исцеляющая медитация в потоке творца · агеев исцеляющая медитация в потоке · михаил агеев исцеляющие медитации в потоке · исцеляющая медитация в потоке творца агеев · медитация на исцеление и оздоровление организма · исцеляющая медитация в потоке творца михаил · михаил агеев исцеляющие медитации в потоке творца
10,Медитации и практики,/online,медитации перед,12860,обзор,медитация,,медитации перед · медитация перед сном · расслабление перед медитацией · медитация перед сном расслабление · медитация перед сном елены · медитация перед сном полное · медитация перед сном полное расслабление · медитация перед для женщин · медитация перед сном для женщин · бесплатная медитация перед сном · медитация перед сном успокоение · медитация перед сном джо · балацкая медитация перед · медитация перед сном балацкая · медитация перед сном глубокий сон · медитация системы медитация перед сном · вечерняя медитация перед сном · медитация благодарности перед · медитация благодарности перед сном · елена балацкая медитации перед сном · медитация перед сном онлайн · медитация перед сном видео
10,Медитации и практики,/online,медитация без медитации,11480,обзор,медитация,,медитация без медитации · медитация без рекламы · медитация без рекламы бесплатно · медитация без слов · медитация онлайн без рекламы · медитация без голоса · медитация голосом без рекламы · релаксация без медитации · релаксация медитация без рекламы · медитация без слов бесплатно · релаксация бесплатно без рекламы медитация · медитация для расслабления без рекламы · медитация без слов онлайн · медитация без регистрации · медитация бесплатно без регистрации · медитация расслабления с голосом без рекламы
10,Медитации и практики,/online,медитация джо,11292,обзор,медитация,,медитация джо · медитация сила подсознания джо · медитация плацебо джо
10,Медитации и практики,/online,аффирмация елена,10812,обзор,аффирмация,,аффирмация елена · елена балацкая аффирмации · аффирмация благодарности елена · аффирмация на здоровье елена · аффирмации на богатство елена · елена балацкая аффирмации на здоровье · елена балацкая аффирмации на деньги
10,Медитации и практики,/online,медитация для успокоения,10424,обзор,медитация,,медитация для успокоения · медитация для успокоения психики · медитация для успокоения системы и психики · успокаивающая медитация · медитации успокой · медитация для успокоения бесплатно · медитация для успокоения онлайн · медитация для успокоения онлайн бесплатно · успокаивающее видео медитация · медитация на сон успокоение · лучшие медитации для успокоения · медитация снятие стресса успокоение
10,Медитации и практики,/online,для медитации и релаксации,10370,обзор,медитация,,для медитации и релаксации · релакс медитация · медитация релаксация бесплатно · онлайн медитация и релаксация · лучшая релаксация медитация · видео релаксацию медитацию · медитации видео релакс · глубокая медитация релаксация
10,Медитации и практики,/online,утренняя медитация,10247,обзор,медитация,,утренняя медитация · утренняя медитации джо · утренняя медитация на день · утренняя медитация наполнения · утренние медитации для энергии · медитация утренняя наполнение энергией · утренняя медитация луиза · ошо утренние медитации · утренняя медитация благодарности
10,Медитации и практики,/online,аффирмация на деньги,9600,обзор,аффирмация,,аффирмация на деньги · аффирмации на деньги и богатство · аффирмации на деньги и успех · аффирмация на деньги богатство и успех · сильная аффирмация на деньги · аффирмация на удачу и деньги · аффирмации на деньги и изобилие · аффирмация на деньги видео · сильные аффирмации богатство на деньги
10,Медитации и практики,/online,аффирмации для женщин,9584,обзор,аффирмация,,аффирмации для женщин · аффирмация на день для женщин · аффирмации для женщин на каждый · аффирмации на каждый день для женщин · аффирмация успех женщин · аффирмации богатства для женщин · аффирмации для сна для женщин · аффирмация женщины деньги · аффирмации для женщин на здоровье · аффирмации для женщин луизы · утренние аффирмации для женщин · аффирмация на жизнь для женщин · аффирмации для женщин на счастливую жизнь · аффирмация на деньги и богатство для женщин · аффирмация на ночь для женщин · аффирмации на исцеление женщины · аффирмации на исцеление и здоровье для женщин · аффирмации на уверенность в себе для женщины · аффирмации на успех и процветание для женщин · аффирмации для женщин елены · аффирмации для женщин благодарность · аффирмация позитивной женщины · балацкая аффирмации женщине
10,Медитации и практики,/online,аффирмации луизы,9241,обзор,аффирмация,,аффирмации луизы · таблица аффирмаций луизы · аффирмации луизы бесплатно · читать аффирмации луизы
10,Медитации и практики,/online,аффирмация дня,8602,обзор,аффирмация,,аффирмация дня · слова аффирмации · лучшие аффирмации · утренние аффирмации · аффирмация это простыми · аффирмации мп · аффирмации бесплатно · аффирмации женские · аффирмация жизни · аффирмация видео · аффирмация онлайн · медитация аффирмация · аффирмации на удачу · аффирмации перед · аффирмации для сна · сила аффирмаций · суть аффирмаций · аффирмации перед сном · аффирмации на изобилие · мощная аффирмация · аффирмации на ночь · аффирмации на утро · аффирмации на отношения · про аффирмацию · аффирмации для мужчин · аффирмация любимая · аффирмация человек · аффирмации онлайн бесплатно · денежные аффирмации · аффирмация елизаветы · аффирмации процветание · аффирмации дарины · аффирмация дарина · аффирмации читаем · аффирмации читать · аффирмация на энергию · аффирмации на уверенность в себе · аффирмации 3 6 · аффирмации на работу · аффирмации на клиентов
10,Медитации и практики,/online,медитация для женщин,7888,обзор,медитация,,медитация для женщин · утренняя медитация для женщин · медитации для женщин онлайн · медитация голосом женщины · медитация для женщин наполнение · наполнение энергией для женщин медитации · медитации для женщин онлайн бесплатно · лучшая медитация для женщин · утренняя медитация для женщин наполнение · утренняя медитация для женщин наполнение энергией · медитация утром для женщин
10,Медитации и практики,/online,андреев медитации,7583,обзор,медитация,,андреев медитации · медитация андрея · медитации игоря андреева · андрей бобровский медитации · андрей ракицкий медитация · андрей ракицких медитация · медитация звуком игоря андреева · медитация гипноз андрея · видео медитации игоря андреева · андрей ракитский медитация
10,Медитации и практики,/online,релаксация по джекобсону,7564,обзор,релаксация,,релаксация по джекобсону · мышечная релаксация по джекобсону · прогрессивная релаксация по джекобсону · прогрессивная мышечная релаксация по джекобсону · релаксация по джекобсону при тревожном · релаксация по джекобсону при тревожном расстройстве · релаксация по джекобсону при панических · релаксация по джекобсону видео · релаксация по джекобсону при панических атаках · мышечная релаксация по джекобсону видео
10,Медитации и практики,/online,балацкая аффирмации,7204,обзор,аффирмация,,балацкая аффирмации · аффирмация благодарности балацкая · аффирмации благодарности елены балацкой · аффирмации балацкой здоровье · аффирмации балацкой деньги · балацкая аффирмации богатство · исцеление балацкая аффирмации · аффирмации елены балацкой на богатство · аффирмации елены балацкой исцеления · аффирмация балацкая на здоровье и исцеление · аффирмации елены балацкой на здоровье и исцеление
10,Медитации и практики,/online,аффирмации благодарности,6708,обзор,аффирмация,,аффирмации благодарности · аффирмации благодарности дню · аффирмации благодарности на каждый · аффирмации благодарности на каждый день · утренняя аффирмация благодарности
10,Медитации и практики,/online,релаксация успокоение,6673,обзор,релаксация,,релаксация успокоение · природа для релаксации и успокоения · успокаивающие релаксации · релаксация успокаивает
10,Медитации и практики,/online,медитация на деньги,6584,обзор,медитация,,медитация на деньги · медитация на деньги елены · медитация на деньги и изобилие · медитация на деньги денежный · медитация успех деньги · медитация на деньги бесплатно · медитация деньги видео · медитация на деньги денежный магнит
10,Медитации и практики,/online,медитация для сна и расслабления,6245,обзор,медитация,,медитация для сна и расслабления · медитация для сна бесплатно и расслабления · медитация для сна и расслабления с голосом · расслабляющая медитация для сна · медитация для глубокого сна и расслабления
10,Медитации и практики,/online,аффирмации на здоровье,6233,обзор,аффирмация,,аффирмации на здоровье · аффирмации на здоровье и исцеление · аффирмации здоровье луиза · аффирмации луизы на здоровье и исцеление · аффирмация елены на здоровье и исцеление · аффирмации здоровье онлайн · бесплатно аффирмация здоровья
10,Медитации и практики,/online,сила медитации,6019,обзор,медитация,,сила медитации · медитация сила подсознания · сила в мысли медитация · медитация сила рода · жизненная сила медитации · сила медитации видео · медитация женская сила
10,Медитации и практики,/online,глубокая медитация,5832,обзор,медитация,,глубокая медитация · медитация глубокое погружение · глубокая медитация видео · медитация погружение в глубокий сон · глубокая медитация гипноз · медитация глубокий сон за 15 минут
10,Медитации и практики,/online,минута медитации,5824,обзор,медитация,,минута медитации · медитация 5 минут · медитация 10 минут · медитация 15 минут · медитация 30 минут
10,Медитации и практики,/online,медитация агеева,5815,обзор,медитация,,медитация агеева · михаил агеев медитации · агеев поток медитация · медитация в потоке творца агеева · михаил агеев медитации в потоке · михаил агеев медитации в потоке творца · медитации агеева благодарности · медитация благодарности михаил агеев
10,Медитации и практики,/online,мышечная релаксация,5572,обзор,релаксация,,мышечная релаксация · прогрессивная мышечная релаксация · мышечная релаксация видео · методы мышечной релаксации
10,Медитации и практики,/online,аффирмации на любовь,5287,обзор,аффирмация,,аффирмации на любовь · аффирмации на любовь и отношения · аффирмации на любовь мужчины · аффирмации на счастливую любовь · аффирмации на любовь и отношения с мужчиной · аффирмация на любовь и счастье · аффирмация на любовь и замужество
10,Медитации и практики,/online,медитация михаила,5210,обзор,медитация,,медитация михаила · медитация в потоке творца михаил · медитация благодарности михаил
10,Медитации и практики,/online,медитация ливанда,5198,обзор,медитация,,медитация ливанда · медитация ливанды · медитация ливанда бесплатно · ливанда медитации онлайн
10,Медитации и практики,/online,медитация на привлечение,5166,обзор,медитация,,медитация на привлечение · медитация привлечение счастливых · медитация на привлечение мужчины · медитация привлечение конкретного · медитация на привлечение событий · медитация на привлечение счастливых событий · медитация на привлечение конкретного мужчины · медитация привлечение изобилия · медитация на привлечение любимого · медитация на привлечение человека · медитация привлечения счастливых отношений · медитация на привлечение клиентов · медитация на привлечение желания · медитация на привлечение любимого человека · медитация привлечения любви и счастливых · медитация привлекательности · медитация на привлечение отношений · медитация привлечение любимого и счастливых · медитация елизавета волкова привлечение · волкова медитация на привлечение
10,Медитации и практики,/online,аффирмации на богатство,5006,обзор,аффирмация,,аффирмации на богатство · аффирмации на успех и богатство · аффирмация на богатство и изобилие · аффирмация на привлечение богатства · сильная аффирмация богатства
10,Медитации и практики,/online,аффирмации на успех,5002,обзор,аффирмация,,аффирмации на успех · аффирмация на успех и процветание · аффирмация на удачу и успех
10,Медитации и практики,/online,медитация на любовь,4495,обзор,медитация,,медитация на любовь · медитация на отношения и любовь · медитация на любовь мужчины · медитация любовь видео · медитация на отношения с мужчиной и любовь · медитация на любовь и изобилие
10,Медитации и практики,/online,практики медитации,4305,упражнения,медитация,,практики медитации · техники медитации · инструменты для медитации · медитация упражнения · круглый инструмент для медитации · практикую медитации · металлический инструмент для медитации · инструмент круглый металлический для медитации · способы медитации
10,Медитации и практики,/online,релаксация для сна,4301,обзор,релаксация,,релаксация для сна · релаксация сна дождь · бесплатная релаксация сна · релаксация для сна птицы · релаксация сна пение птиц · релаксация для сна онлайн · шум для сна и релаксации
10,Медитации и практики,/online,медитация благодарности,4223,обзор,медитация,,медитация благодарности · медитация на благополучие · медитация на успех и благополучие
10,Медитации и практики,/online,гипноз медитация,4080,обзор,медитация,,гипноз медитация · медитация гипноз бобровского · медитация гипноз елена · видео медитация гипноз
10,Медитации и практики,/online,природа релаксации,4009,обзор,релаксация,,природа релаксации · релаксация природа птицы · релаксация природа пение птиц · релаксация пение птиц природа лес
10,Медитации и практики,/online,медитация ошо,3980,обзор,медитация,,медитация ошо · динамическая медитация ошо · ошо вечерние медитации
10,Медитации и практики,/online,аффирмация привлечения,3876,обзор,аффирмация,,аффирмация привлечения · аффирмация на привлечение клиентов · аффирмации привлекательности · аффирмации для привлечения денег · аффирмации на привлечение мужчины · сильная аффирмация на привлечение · аффирмация привлечение удачи · аффирмации привлечение клиентов елены
10,Медитации и практики,/online,аффирмация на исцеление,3774,обзор,аффирмация,,аффирмация на исцеление · аффирмации исцеления луиза · исцеляющие аффирмации
10,Медитации и практики,/online,медитация балацкая,3590,обзор,медитация,,медитация балацкая · елена балацкая медитации · балацкая медитация сон
10,Медитации и практики,/online,мощная медитация,3557,обзор,медитация,,мощная медитация · самая мощная медитация · мощная мантра медитация
10,Медитации и практики,/online,медитация без сна,3469,обзор,медитация,,медитация без сна · медитация для сна без рекламы · медитация для сна без рекламы бесплатно · медитации для сна без голоса · медитация для хорошего сна без рекламы · медитация для сна и расслабления без рекламы · медитация для сна женщин без рекламы бесплатно · медитация для сна без слов
10,Медитации и практики,/online,медитация с голосом,3435,обзор,медитация,,медитация с голосом · бесплатная медитация с голосом · лучшая медитация голос · глубокие медитации с голосом
10,Медитации и практики,/online,медитация внутренний,3285,обзор,медитация,,медитация внутренний · медитация внутренний ребенок · медитация внутренних органов
10,Медитации и практики,/online,релаксация 2,3200,обзор,релаксация,,релаксации онлайн · бесплатная релаксация · релаксация онлайн бесплатно · релаксация 2 · душ для релаксации · релаксация mp · релаксация мр · релаксация красивая · постизометрическая релаксация · релаксация без рекламы · прогрессивная релаксация · хорошая релаксация · релаксация нежную · релаксация расслабление · релаксация очень нежная · видео для релаксации · китайская релаксация · релаксация мышц · релаксация для детей · релаксации шум · релаксация сон звук · расслабляющий релаксации расслабляющий · релаксация онлайн бесплатно в хорошем качестве · глубокая релаксация · методы релаксации · массаж для релаксации · система релаксации · релаксация правого · спокойная релаксация · релаксация море · постизометрическая релаксация мышц · релаксация напряжений · релаксация левого · релаксация дождь · треки релаксации · мелодии для релаксации · релаксации птицы · стресс релаксация · релаксация при тревожном расстройстве · релаксация лес
10,Медитации и практики,/online,имрам медитация,3183,обзор,медитация,,имрам медитация · имрам крийя медитация · крия имрам медитация · имрам короткая медитация · медитация с имрамом · имрам медитация амрит · имрам медитация амрита
10,Медитации и практики,/online,медитации хорошего качества,3066,обзор,медитация,,медитации хорошего качества · медитация онлайн бесплатно в хорошем качестве · медитация на хороший день
10,Медитации и практики,/online,медитация для начинающих,2966,обзор,медитация,,медитация для начинающих · медитация для начинающих урок · медитация для начинающих в домашних · медитация для начинающих в домашних условиях
10,Медитации и практики,/online,аффирмация это простыми словами,2949,определение,аффирмация,,аффирмация это простыми словами
10,Медитации и практики,/online,аффирмации на каждый,2846,обзор,аффирмация,,аффирмации на каждый · аффирмации на каждый день · луиза аффирмации аффирмации на каждый · аффирмации слушал каждый · аффирмации на каждый день луиза
10,Медитации и практики,/online,волкова медитации,2845,обзор,медитация,,волкова медитации · волков медитации · елизавета волкова медитация · елизавета волков медитации · медитация сила елизавета волкова · сила мысли медитация волкова
10,Медитации и практики,/online,релаксация диафрагмы,2844,обзор,релаксация,,релаксация диафрагмы · релаксация купола диафрагмы · релаксация правой диафрагмы · релаксация правого купола диафрагмы · частичная релаксация диафрагмы · частичная релаксация купола диафрагмы · релаксация левого диафрагмы · частичная релаксация правой диафрагмы · релаксация левого купола диафрагмы · частичная релаксация прав купола диафрагмы · частичная релаксация правого купола диафрагмы
10,Медитации и практики,/online,медитация для энергии,2842,обзор,медитация,,медитация для энергии · медитация на женскую энергию · энергетический медитации · медитация силы и энергии · медитация очищение энергии · медитация на восстановление энергии · медитация энергетическая связь · медитация на наполнение энергией · медитация энергетический разрыв · медитация энергия любви · энергодоктор медитация
10,Медитации и практики,/online,что такое медитация,2810,определение,медитация,,что такое медитация · что такое слово медитация · медитация что это такое простыми словами · что означает медитация
10,Медитации и практики,/online,аффирмация таблица,2756,обзор,аффирмация,,аффирмация таблица · аффирмации таблица болезней · луиза таблица болезней и аффирмации
10,Медитации и практики,/online,медитация расслаблен,2699,обзор,медитация,,медитация расслаблен · расслабляющая медитация · медитация на расслабление · медитация для расслабления для женщин · медитация глубокого расслабления · медитация для расслабления бесплатно · медитация для успокоения и расслабления · медитация онлайн расслабление · медитация полное расслабление · медитация с голосом для расслабления · медитация расслабляющая успокаивающая · расслабляющая релаксация медитация · медитация расслабление с женщин голосом
10,Медитации и практики,/online,медитации наполнения,2427,обзор,медитация,,медитации наполнения · медитация наполнения женской · медитация очищения и наполнения
10,Медитации и практики,/online,медитация счастливая,2424,обзор,медитация,,медитация счастливая · медитация на счастливые отношения · медитация на любовь и счастливые · медитация на счастливые события · медитация на любовь и счастливые отношения · медитация счастливый человек · медитация на счастье · медитация счастливые отношения с мужчиной
10,Медитации и практики,/online,крийя медитация,2407,обзор,медитация,,крийя медитация · иша крийя медитация · садхгуру медитация крийя · амрит крийя медитация · медитация амрита крийя
10,Медитации и практики,/online,русские медитации,2367,обзор,медитация,,русские медитации · медитации на русском языке · медитация онлайн бесплатно на русском
10,Медитации и практики,/online,медитация поток,2231,обзор,медитация,,медитация поток · медитация денежный поток · медитация в потоке творца · медитация поток денег
10,Медитации и практики,/online,релаксация куполов,2178,обзор,релаксация,,релаксация куполов · релаксация правого купола · частичная релаксация куполов · частичная релаксация правого купола · релаксация левого купола
10,Медитации и практики,/online,медитация организма,2156,обзор,медитация,,медитация организма · медитация орган · медитация на оздоровление организма · медитация омоложение организма
10,Медитации и практики,/online,медитация для сна с голосом,2104,обзор,медитация,,медитация для сна с голосом · бесплатная медитация для сна с голосом · медитации для сна с голосом женщины · для хорошего сна медитация с голосом
10,Медитации и практики,/online,медитация от тревоги,2069,обзор,медитация,,медитация от тревоги · медитация от тревожности · медитация для снятия тревоги
10,Медитации и практики,/online,медитация природа,2033,обзор,медитация,,медитация природа · медитация природа птицы · медитация природа пение птиц
10,Медитации и практики,/online,медитация осознанности,1935,обзор,медитация,,медитация осознанности · осознанная медитация · медитация осознания с саматом самасати
10,Медитации и практики,/online,практика осознанности,1788,упражнения,осознанность,да,практика осознанности · техник осознанности · техники осознанности
10,Медитации и практики,/online,техник релаксации,1774,упражнения,релаксация,,техник релаксации · техники релаксации · упражнение мышечной релаксации · релаксация по джекобсону упражнения · упражнения на релаксацию · мышечная релаксация по джекобсону упражнения · методики релаксации · техника мышечной релаксации
10,Медитации и практики,/online,медитация прощения,1729,обзор,медитация,,медитация прощения · толоконин медитации прощения · медитация прощения артема · артем толоконин медитация прощения
10,Медитации и практики,/online,позитивные аффирмации,1720,обзор,аффирмация,,позитивные аффирмации · аффирмации на позитив · аффирмация позитивного утра
10,Медитации и практики,/online,волкова аффирмации,1719,обзор,аффирмация,,волкова аффирмации · елизавета волкова аффирмации · аффирмации лизы волковой
10,Медитации и практики,/online,мантры для медитации,1674,обзор,медитация,,мантры для медитации · sacred sound flow медитации и мантры · медитация мантры йогов
10,Медитации и практики,/online,мастер медитации,1658,обзор,медитация,,мастер медитации · мастер вселена медитации · подземелье мастерства медитация
10,Медитации и практики,/online,сильные аффирмации,1658,обзор,аффирмация,,сильные аффирмации · самые сильные аффирмации · сильная аффирмация на удачу
10,Медитации и практики,/online,медитация для снятия стресса,1581,обзор,медитация,,медитация для снятия стресса · медитация от стресса · медитация от тревоги и стресса · спокойная медитация снятие стресса
10,Медитации и практики,/online,медитация александров,1551,обзор,медитация,,медитация александров · алекса медитации · алекса оник медитации · алексеев медитация
10,Медитации и практики,/online,аффирмации счастливой,1542,обзор,аффирмация,,аффирмации счастливой · аффирмации на счастье · аффирмации на счастливую жизнь
10,Медитации и практики,/online,почему медитация,1455,причины,медитация,,почему медитация · почему во время медитации
10,Медитации и практики,/online,трансцендентальная медитация,1434,обзор,медитация,,трансцендентальная медитация · транс медитация · трансцендентная медитация
10,Медитации и практики,/online,семенова медитации,1419,обзор,медитация,,семенова медитации · сюзанна семенова медитации · семенов медитация
10,Медитации и практики,/online,медитация для мужчин,1305,обзор,медитация,,медитация для мужчин · медитация на конкретного мужчину · медитация на отношения с мужчиной · медитация любимый мужчина
10,Медитации и практики,/online,шум для медитации,1284,обзор,медитация,,шум для медитации · медитация шум моря · шум дождя для медитации · шум волн для медитации
10,Медитации и практики,/online,андрей медитация сна,1220,обзор,медитация,,андрей медитация сна · андрей бобровский медитации для сна · медитация для сна андрей ракицкий
10,Медитации и практики,/online,медитация от негатива,1204,обзор,медитация,,медитация от негатива · медитация негативных · медитация очищение от негатива · медитация очищение от негативной
10,Медитации и практики,/online,аффирмации богданова,1134,обзор,аффирмация,,аффирмации богданова · аффирмации богдановой · дарина богданова аффирмации · аффирмации дарины богдановой
10,Медитации и практики,/online,медитация голов,1098,обзор,медитация,,медитация голов · медитация от головной · медитация от головной боли
10,Медитации и практики,/online,медитация беляковой,1088,обзор,медитация,,медитация беляковой · беляков медитация · медитация саши беляковой
10,Медитации и практики,/online,медитация шри шри,1078,обзор,медитация,,медитация шри шри · медитации шри шри рави медитация · медитации шри шанкара · шри шри рави шанкар медитации
10,Медитации и практики,/online,медитации пение,974,обзор,медитация,,медитации пение · медитация пение птиц · медитация пение птиц лес
10,Медитации и практики,/online,медитация сон стресс,958,обзор,медитация,,медитация онлайн сон · медитация сон стресс · погружение в сон медитация · медитация с переходом в сон · ракицкий медитации с переходом в сон
10,Медитации и практики,/online,медитация батурин,923,обзор,медитация,,медитация батурин · медитация батурина · медитации никиты батурина · медитация никита батурин
10,Медитации и практики,/online,релаксация пение,916,обзор,релаксация,,релаксация пение · пение птиц релаксация · релаксация звук пение птиц · релаксация лес пение птиц
10,Медитации и практики,/online,медитации турятки,863,обзор,медитация,,медитации турятки · турятка медитации · татьяна турятка медитации
10,Медитации и практики,/online,медитации настрой,822,обзор,медитация,,медитации настрой · медитация настроение · настройка медитация
10,Медитации и практики,/online,уильямс осознанность,799,обзор,осознанность,,уильямс осознанность · осознанность марк уильямс · осознанность марка уильямса · пенман уильямс осознанность
10,Медитации и практики,/online,сколько медитации,689,сколько,медитация,,виды медитаций · сколько медитации · уровни медитаций
10,Медитации и практики,/online,психологическая релаксация,682,обзор,релаксация,,психологическая релаксация · релаксация психологическая разгрузка · психолог релаксация
10,Медитации и практики,/online,детскую релаксации,573,обзор,релаксация,,детскую релаксации · детский сад релаксация · релаксации для детей в детском
10,Медитации и практики,/online,black myth медитация,557,обзор,медитация,,black myth медитация · black myth wukong медитация · места медитации black · место медитации black myth · black myth wukong места медитации
10,Медитации и практики,/online,обрести осознанность,539,обзор,осознанность,,обрести осознанность · осознанность как обрести гармонию · притормозить и обрести эмоциональную осознанность симс
10,Медитации и практики,/online,медитация звук дождя,433,обзор,медитация,,звук медитации видео · медитация звук дождя · звук чаши для медитации
10,Медитации и практики,/online,медитация будникова,431,обзор,медитация,,медитация будникова · будников медитация · будник медитации
10,Медитации и практики,/online,частоты для медитации,414,обзор,медитация,,частоты для медитации · частоты сольфеджио медитации · медитация частота гц
10,Медитации и практики,/online,батурин медитация для сна,400,обзор,медитация,,батурин медитация для сна · медитация для сна батурина · медитация для сна никиты батурина · медитация никита батурин для сна
