тема,частота,покрыто,блок
симптом детей,283253,,Прочее (вычитать вручную)
причина ребенок,231370,,Дети и подростки → /artterapy
признаки ребенка,125520,,Дети и подростки → /artterapy
тест на ревность с диаграммой,115838,,Отношения → /artterapy
тест на депрессию,114945,,Тревога и депрессия → /artterapy
упражнения для детей,48742,,Практики и восстановление → /online
тест на привязанность,44609,,Словарь и термины → /artterapy
психосоматика у женщин,42635,,Словарь и термины → /artterapy
причины подростков,40098,,Дети и подростки → /artterapy
причины психосоматики,39384,,Словарь и термины → /artterapy
у детей без симптомов,34887,,Прочее (вычитать вручную)
причина горечи,34567,,Прочее (вычитать вручную)
круговой тест на ревность,33025,,Отношения → /artterapy
горечь во рту причины,31957,,Прочее (вычитать вручную)
тест на ревность с диаграммой круговой,31363,,Отношения → /artterapy
подростка симптомы,26005,,Дети и подростки → /artterapy
причины развода,25775,,Отношения → /artterapy
тест на тревожность,23589,,Тревога и депрессия → /artterapy
мужчина в отношениях с женщиной,22625,,Отношения → /artterapy
признаки подростков,22164,,Дети и подростки → /artterapy
депрессия симптомы,21684,,Тревога и депрессия → /artterapy
гештальт это простыми словами,17578,,Словарь и термины → /artterapy
признаки депрессии,16740,,Тревога и депрессия → /artterapy
горечь причины у женщин,16445,,Прочее (вычитать вручную)
эмпатия это простыми словами,15875,,Словарь и термины → /artterapy
горечь во рту причины у женщин,15768,,Прочее (вычитать вручную)
как пережить расставание,14199,,Отношения → /artterapy
причина деньги,13709,,Прочее (вычитать вручную)
тест на уровень ревности,13320,,Отношения → /artterapy
отношение причины,12830,,Отношения → /artterapy
отношения это простыми словами,11938,,Отношения → /artterapy
кризис в отношениях,11440,,Отношения → /artterapy
привязанность в отношениях,10999,,Отношения → /artterapy
тест на гнев,9441,,Эмоции и состояния → /artterapy
воспитание детей в семье,9140,,Дети и подростки → /artterapy
депрессия у женщин,8922,,Тревога и депрессия → /artterapy
причина переноса,8802,,Словарь и термины → /artterapy
тест на ревность idrlabs,8760,,Отношения → /artterapy
типы привязанности в отношениях,8727,,Отношения → /artterapy
тест на ревность на русском,8711,,Отношения → /artterapy
тест на ревность диаграммой русском,8487,,Отношения → /artterapy
тест на депрессию с диаграммой,8447,,Тревога и депрессия → /artterapy
как выйти из депрессии,8359,,Тревога и депрессия → /artterapy
психосоматика боли у женщин,7909,,Словарь и термины → /artterapy
невроз симптомы,7627,,Тревога и депрессия → /artterapy
газлайтинг это простыми словами,7515,,Словарь и термины → /artterapy
психолог в чем разница,7206,,Для психологов → /praktik
тест на депрессию онлайн,7167,,Тревога и депрессия → /artterapy
психосоматика у мужчин,7026,,Отношения → /artterapy
упражнения для подростков,6794,,Дети и подростки → /artterapy
как избавиться от страха,6475,,Тревога и депрессия → /artterapy
причины тревоги,6471,,Прочее (вычитать вручную)
тест на уровень гнева,6468,,Эмоции и состояния → /artterapy
триггер это простыми словами,6332,,Словарь и термины → /artterapy
тест на депрессию бесплатно,6014,,Тревога и депрессия → /artterapy
как избавиться от тревоги,5796,,Прочее (вычитать вручную)
idrlabs тест на депрессию,5644,,Тревога и депрессия → /artterapy
как поднять самооценку,5642,,Самооценка и личность → /artterapy
упражнение отношение,5632,,Отношения → /artterapy
тест на тревожность и депрессию,5599,,Тревога и депрессия → /artterapy
тест на психолога,5583,,Для психологов → /praktik
тест на выгорание,5466,,Выгорание и работа → /coach
психосоматика у детей,5200,,Словарь и термины → /artterapy
выгорание на работе,5161,,Выгорание и работа → /coach
стадии депрессии,5152,,Тревога и депрессия → /artterapy
виды депрессии,5052,,Тревога и депрессия → /artterapy
виды психологов,5001,,Для психологов → /praktik
тест на депрессию по шкале,4818,,Тревога и депрессия → /artterapy
причины депрессии,4649,,Тревога и депрессия → /artterapy
как справиться отношения,4507,,Отношения → /artterapy
как стать психологом,4499,,Для психологов → /praktik
тест на определение гнева,4418,,Эмоции и состояния → /artterapy
психология отношений между мужчиной,4416,,Для психологов → /praktik
депрессия у подростков,4390,,Дети и подростки → /artterapy
отношения между женщинами психология,4382,,Для психологов → /praktik
как избавиться от тревожности,4379,,Тревога и депрессия → /artterapy
психология отношений между мужчиной и женщиной,4357,,Для психологов → /praktik
подросток простыми словами,4272,,Дети и подростки → /artterapy
раздражение причины,4225,,Прочее (вычитать вручную)
фрустрация это простыми словами,4163,,Словарь и термины → /artterapy
причины страха,4140,,Тревога и депрессия → /artterapy
советы психолога что делать,4137,,Для психологов → /praktik
чем занимается психолог,4107,,Для психологов → /praktik
как справиться с депрессией,4072,,Тревога и депрессия → /artterapy
зачем психолог,4023,,Для психологов → /praktik
как избавиться от прыщей подростку,3991,,Дети и подростки → /artterapy
сублимация это простыми словами,3948,,Словарь и термины → /artterapy
тест на тревогу,3935,,Тесты → /online
воспитание детей в деятельности виды деятельности,3925,,Дети и подростки → /artterapy
отношение мужчины признаки,3868,,Отношения → /artterapy
психосоматика это простыми словами,3848,,Словарь и термины → /artterapy
тест на привязанность с диаграммой,3845,,Словарь и термины → /artterapy
депрессия у мужчин,3731,,Отношения → /artterapy
как называется депрессия,3705,,Тревога и депрессия → /artterapy
тест на эмпатию,3687,,Словарь и термины → /artterapy
стадии расставания,3668,,Отношения → /artterapy
депрессия симптомы у женщин,3655,,Тревога и депрессия → /artterapy
причины горечи утром,3612,,Прочее (вычитать вручную)
как проходить психолога,3571,,Для психологов → /praktik
психология мужчины в отношениях,3537,,Для психологов → /praktik
тест на депрессию онлайн бесплатно,3513,,Тревога и депрессия → /artterapy
инсайт это простыми словами,3465,,Словарь и термины → /artterapy
психолог значит,3416,,Для психологов → /praktik
тревога без причины,3408,,Прочее (вычитать вручную)
типы психологов,3399,,Для психологов → /praktik
тест на злость,3364,,Эмоции и состояния → /artterapy
горечь во рту причины у мужчин,3360,,Отношения → /artterapy
как избавиться от депрессии,3355,,Тревога и депрессия → /artterapy
невроз у детей,3352,,Тревога и депрессия → /artterapy
как справиться с тревожностью,3330,,Тревога и депрессия → /artterapy
тест на уровень депрессии,3310,,Тревога и депрессия → /artterapy
катарсис это простыми словами,3230,,Словарь и термины → /artterapy
как избавиться от раздражения,3226,,Прочее (вычитать вручную)
тест на депрессию по шкале бека,3213,,Тревога и депрессия → /artterapy
психолог и психиатр в чем разница,3206,,Для психологов → /praktik
тревожность симптомы,3203,,Тревога и депрессия → /artterapy
как лечить депрессию,3186,,Тревога и депрессия → /artterapy
как убрать тревожность,3171,,Тревога и депрессия → /artterapy
пройти тест на депрессию,3152,,Тревога и депрессия → /artterapy
как избавиться от горечи,3094,,Прочее (вычитать вручную)
причины переноса отпуска,3083,,Словарь и термины → /artterapy
психология женщины в отношениях,3076,,Для психологов → /praktik
психолог и психотерапевт в чем разница,3073,,Для психологов → /praktik
расставание что значит,3021,,Отношения → /artterapy
причины тревожности,3018,,Тревога и депрессия → /artterapy
симптомы раздражения,2991,,Прочее (вычитать вручную)
горечь после еды причины,2954,,Прочее (вычитать вручную)
отличие психолога,2934,,Для психологов → /praktik
психосоматика симптомы,2892,,Словарь и термины → /artterapy
тест на тип привязанности с диаграммой,2876,,Словарь и термины → /artterapy
горечь во рту после еды причины,2842,,Прочее (вычитать вручную)
как отпустить расставание,2832,,Отношения → /artterapy
как проявляется депрессия,2817,,Тревога и депрессия → /artterapy
как выйти из депрессии самостоятельно,2792,,Тревога и депрессия → /artterapy
чем отличается психолог от психиатра,2771,,Для психологов → /praktik
тест на ревность из тик тока,2719,,Отношения → /artterapy
чем помогает психолог,2714,,Для психологов → /praktik
как понять что у тебя депрессия,2714,,Тревога и депрессия → /artterapy
как справиться со страхом,2694,,Тревога и депрессия → /artterapy
психолог причина,2655,,Для психологов → /praktik
этапы воспитания ребенка,2647,,Дети и подростки → /artterapy
тест на привязанность idrlabs,2637,,Словарь и термины → /artterapy
тревога симптомы,2610,,Прочее (вычитать вручную)
тест на апатию,2596,,Эмоции и состояния → /artterapy
тест на одиночество,2566,,Тесты → /online
девушка в отношениях с мужчиной,2515,,Отношения → /artterapy
как пережить развод с мужем,2494,,Отношения → /artterapy
техника психологов,2492,,Для психологов → /praktik
невроз у женщин,2455,,Тревога и депрессия → /artterapy
апатия это простыми словами,2448,,Эмоции и состояния → /artterapy
характеристика мужчины в отношениях с женщиной,2448,,Отношения → /artterapy
тест на депрессию круговая,2423,,Тревога и депрессия → /artterapy
симбиоз это простыми словами,2421,,Словарь и термины → /artterapy
симптомы выгорания,2419,,Выгорание и работа → /coach
горечь во рту по утрам причины,2417,,Прочее (вычитать вручную)
idrlabs тест на тип привязанности,2399,,Словарь и термины → /artterapy
эго это простыми словами,2371,,Словарь и термины → /artterapy
привязанность у мужчины,2370,,Отношения → /artterapy
как зовут психолога,2318,,Для психологов → /praktik
созависимость в отношениях,2298,,Отношения → /artterapy
психосоматика у женщин луиза хей,2282,,Словарь и термины → /artterapy
сепарация это простыми словами,2248,,Словарь и термины → /artterapy
как школьный психолог испортил,2246,,Для психологов → /praktik
как школьный психолог испортил мне психику,2241,,Для психологов → /praktik
причина беспокойства,2227,,Прочее (вычитать вручную)
тест на тревожность с диаграммой,2223,,Тревога и депрессия → /artterapy
избегающая привязанность в отношениях,2215,,Отношения → /artterapy
тест на уровень тревожности,2205,,Тревога и депрессия → /artterapy
депрессия у детей,2187,,Тревога и депрессия → /artterapy
чем отличается психолог от психотерапевта,2179,,Для психологов → /praktik
психосоматика причины боли,2173,,Словарь и термины → /artterapy
избегающий тип привязанности в отношениях,2171,,Отношения → /artterapy
тест на депрессию с диаграммой круговой,2170,,Тревога и депрессия → /artterapy
тест на ревность для девушек,2162,,Отношения → /artterapy
многомерный тест на ревность,2117,,Отношения → /artterapy
как повысить самооценку женщине,2097,,Отношения → /artterapy
как понять привязанность,2084,,Словарь и термины → /artterapy
техникам саморегуляции,2078,,Практики и восстановление → /online
как справиться с одиночеством,2072,,Прочее (вычитать вручную)
компенсация морального вреда причинен,2059,,Прочее (вычитать вручную)
тест на ревность с диаграммой idrlabs,2046,,Отношения → /artterapy
типы привязанности женщин,2022,,Словарь и термины → /artterapy
признаки апатии,2015,,Эмоции и состояния → /artterapy
тест на определение уровня гнева,2010,,Эмоции и состояния → /artterapy
как повысить самооценку и уверенность в себе,2003,,Самооценка и личность → /artterapy
психосоматика цистита у женщин,1992,,Словарь и термины → /artterapy
рефлексия это простыми словами,1978,,Словарь и термины → /artterapy
этапы нравственного воспитания ребенка,1972,,Дети и подростки → /artterapy
подростковый возраст что делать,1971,,Дети и подростки → /artterapy
как полюбить себя самооценка,1962,,Самооценка и личность → /artterapy
закроем гештальт что это значит,1961,,Словарь и термины → /artterapy
признаки депрессии у женщин,1953,,Тревога и депрессия → /artterapy
гештальт закрыт что это значит,1949,,Словарь и термины → /artterapy
как вести себя с мужчиной в отношениях,1944,,Отношения → /artterapy
психолог упражнения,1940,,Для психологов → /praktik
как пережить расставание с любимым,1915,,Отношения → /artterapy
тревожная привязанность в отношениях,1905,,Отношения → /artterapy
как бороться с тревожностью,1865,,Тревога и депрессия → /artterapy
причины компенсации,1852,,Прочее (вычитать вручную)
компенсация морального вреда причиненного,1843,,Прочее (вычитать вручную)
типы депрессии,1842,,Тревога и депрессия → /artterapy
типы привязанности у мужчин,1839,,Отношения → /artterapy
тест на ревность в отношениях,1821,,Отношения → /artterapy
как вернуть девушку после расставания,1810,,Отношения → /artterapy
тест на беременность после переноса,1799,,Словарь и термины → /artterapy
тест на стресс тревожность,1794,,Тревога и депрессия → /artterapy
тест на привязанность в отношениях,1791,,Отношения → /artterapy
как справиться с расставанием,1763,,Отношения → /artterapy
как снизить тревожность,1759,,Тревога и депрессия → /artterapy
тест на страх,1757,,Тревога и депрессия → /artterapy
горечь во рту утром причины у женщин,1745,,Прочее (вычитать вручную)
как избавиться от раздражения после бритья,1743,,Прочее (вычитать вручную)
пройти тест на депрессию онлайн,1735,,Тревога и депрессия → /artterapy
разница между психологом,1724,,Для психологов → /praktik
техника психотерапии,1722,,Для психологов → /praktik
как лечить невроз,1714,,Тревога и депрессия → /artterapy
тест на тревожность онлайн,1707,,Тревога и депрессия → /artterapy
признаки проекции,1703,,Словарь и термины → /artterapy
как бороться с депрессией,1697,,Тревога и депрессия → /artterapy
поясница психосоматика у женщин,1693,,Словарь и термины → /artterapy
тест на ревность testrevnosti,1692,,Отношения → /artterapy
как полюбить себя и повысить самооценку,1690,,Самооценка и личность → /artterapy
как лечить психосоматику,1682,,Словарь и термины → /artterapy
тревожный тип привязанности в отношениях,1676,,Отношения → /artterapy
симптомы после депрессии,1671,,Тревога и депрессия → /artterapy
как вернуть мужчину после расставания,1664,,Отношения → /artterapy
этапы психологи,1658,,Для психологов → /praktik
зачем расставания,1658,,Отношения → /artterapy
тревожность у подростков,1655,,Дети и подростки → /artterapy
как избавиться от беспокойства,1651,,Прочее (вычитать вручную)
послеродовая депрессия симптомы,1638,,Тревога и депрессия → /artterapy
как справиться с выгоранием,1638,,Выгорание и работа → /coach
буллинг на работе,1634,,Дети и подростки → /artterapy
психосоматика геморроя у женщин,1627,,Словарь и термины → /artterapy
чем отличается психолог от клинического психолога,1624,,Для психологов → /praktik
депрессия это простыми словами,1623,,Тревога и депрессия → /artterapy
тест на эмоциональное выгорание,1621,,Эмоции и состояния → /artterapy
избегающий тип привязанности у мужчин,1615,,Отношения → /artterapy
тест на стресс и депрессию,1613,,Тревога и депрессия → /artterapy
как справиться с обидой,1609,,Прочее (вычитать вручную)
тест на тревогу и депрессию,1608,,Тревога и депрессия → /artterapy
ноги психосоматика у женщин,1606,,Словарь и термины → /artterapy
как пережить расставание и отпустить,1602,,Отношения → /artterapy
чувство тревоги причины,1591,,Эмоции и состояния → /artterapy
симптомы невроза у женщин,1585,,Тревога и депрессия → /artterapy
тест на тип привязанности в отношениях,1577,,Отношения → /artterapy
абьюзер мужчина в отношениях с женщиной,1546,,Отношения → /artterapy
причины апатии,1512,,Эмоции и состояния → /artterapy
абьюз это простыми словами,1510,,Словарь и термины → /artterapy
пройти тест на ревность,1510,,Отношения → /artterapy
тест на тревожность стресса и депрессии,1499,,Тревога и депрессия → /artterapy
виды деятельности психолога,1486,,Для психологов → /praktik
психология отношений между мужчиной книги,1485,,Для психологов → /praktik
психолог признаки,1483,,Для психологов → /praktik
техника снижения тревожности,1478,,Тревога и депрессия → /artterapy
как избавиться от привязанности,1471,,Словарь и термины → /artterapy
книга психология отношений между мужчиной и женщиной,1470,,Для психологов → /praktik
привязанность признаки,1468,,Словарь и термины → /artterapy
как избавиться от ревности,1463,,Отношения → /artterapy
как вернуть психолога,1461,,Для психологов → /praktik
снижение тревожности упражнения,1456,,Тревога и депрессия → /artterapy
эмоциональные качели в отношениях,1456,,Отношения → /artterapy
привязанность что делать,1454,,Словарь и термины → /artterapy
психолог можно ли после 9,1438,,Для психологов → /praktik
тест на тревожность бека,1425,,Тревога и депрессия → /artterapy
чем депрессия отличается от депрессии,1413,,Тревога и депрессия → /artterapy
виды привязанности,1401,,Словарь и термины → /artterapy
архетипы и коллективное бессознательное,1400,,Прочее (вычитать вручную)
как снять тревожность,1393,,Тревога и депрессия → /artterapy
перенос эмбриона тест на беременность,1389,,Словарь и термины → /artterapy
горечь после еды причины у женщин,1387,,Прочее (вычитать вручную)
этапы развития и воспитания ребенка,1360,,Дети и подростки → /artterapy
как выглядит психолог,1356,,Для психологов → /praktik
эмоциональное выгорание симптомы,1352,,Эмоции и состояния → /artterapy
как пережить расставание с человеком,1349,,Отношения → /artterapy
буллинг что делать,1346,,Дети и подростки → /artterapy
тревожность без причины,1344,,Тревога и депрессия → /artterapy
причины раздражения у женщин,1343,,Прочее (вычитать вручную)
как впасть в депрессию,1340,,Тревога и депрессия → /artterapy
как выбрать психолога,1336,,Для психологов → /praktik
дева в отношениях с мужчинами,1329,,Отношения → /artterapy
онлайн тест на ревность,1326,,Отношения → /artterapy
психосоматика щитовидная железа у женщин,1316,,Словарь и термины → /artterapy
признаки невроза,1311,,Тревога и депрессия → /artterapy
тест на беременность после переноса эмбриона,1309,,Словарь и термины → /artterapy
стадии выгорания,1309,,Выгорание и работа → /coach
как пережить расставание с мужчиной,1308,,Отношения → /artterapy
как строить отношения с мужчиной,1305,,Отношения → /artterapy
как пережить после расставания,1299,,Отношения → /artterapy
невроз у взрослых,1297,,Тревога и депрессия → /artterapy
симптомы страха,1294,,Тревога и депрессия → /artterapy
как поднять самооценку и уверенность в себе,1285,,Самооценка и личность → /artterapy
как ведут себя после расставания,1283,,Отношения → /artterapy
как вести себя после расставания,1283,,Отношения → /artterapy
самооценка в отношениях,1282,,Отношения → /artterapy
причина переноса рейса,1279,,Словарь и термины → /artterapy
признаки страха,1278,,Тревога и депрессия → /artterapy
как пережить расставание и отпустить человека,1275,,Отношения → /artterapy
бессознательные архетипы юнга,1258,,Прочее (вычитать вручную)
тест на гнев с диаграммой,1257,,Эмоции и состояния → /artterapy
как пишется депрессия,1257,,Тревога и депрессия → /artterapy
чувство тревоги без причины,1255,,Эмоции и состояния → /artterapy
причина тревоги беспокойства,1234,,Прочее (вычитать вручную)
гештальт закрыт это простыми словами,1233,,Словарь и термины → /artterapy
чем занимается клинический психолог,1232,,Для психологов → /praktik
как справиться с беспокойством,1230,,Прочее (вычитать вручную)
как выйти из отношений с мужчиной,1220,,Отношения → /artterapy
психиатр психолог психотерапевт в чем разница,1216,,Для психологов → /praktik
тест на тревожность бесплатно,1215,,Тревога и депрессия → /artterapy
признаки тревожности,1208,,Тревога и депрессия → /artterapy
как правильно депрессия,1203,,Тревога и депрессия → /artterapy
техникумы психолога,1192,,Для психологов → /praktik
депрессия после родов,1182,,Тревога и депрессия → /artterapy
как жить советы психолога,1180,,Для психологов → /praktik
как пережить расставание с любимым человеком,1178,,Отношения → /artterapy
причины выгорания,1168,,Выгорание и работа → /coach
как называется привязанность,1163,,Словарь и термины → /artterapy
тест на депрессию для подростков,1161,,Дети и подростки → /artterapy
депрессия у женщин после 40,1159,,Тревога и депрессия → /artterapy
переходный возраст у детей,1153,,Дети и подростки → /artterapy
тест на ревность бесплатно,1151,,Отношения → /artterapy
депрессия симптомы у мужчин,1149,,Отношения → /artterapy
апатия симптомы,1148,,Эмоции и состояния → /artterapy
беспокойство без причины,1146,,Прочее (вычитать вручную)
как выглядит депрессия,1142,,Тревога и депрессия → /artterapy
архетипы коллективного бессознательного юнга,1141,,Прочее (вычитать вручную)
выгорание в отношениях,1135,,Отношения → /artterapy
буллинг что это такое простыми,1133,,Дети и подростки → /artterapy
как понять отношения с мужчиной,1125,,Отношения → /artterapy
психосоматика рук у женщин,1125,,Словарь и термины → /artterapy
как избавиться от психолога,1120,,Для психологов → /praktik
тест на ревность круглый,1119,,Отношения → /artterapy
как вылечить депрессию,1119,,Тревога и депрессия → /artterapy
психология мужчины в отношениях с женщиной,1111,,Для психологов → /praktik
как после расставания перестать,1109,,Отношения → /artterapy
тест на тревожность ханина,1101,,Тревога и депрессия → /artterapy
симптомы раздражения брюшины,1096,,Прочее (вычитать вручную)
мужчина дева в отношениях с женщиной,1093,,Отношения → /artterapy
тест на уровень тревожности стресса,1086,,Тревога и депрессия → /artterapy
тревожность техники и упражнения,1080,,Тревога и депрессия → /artterapy
перфекционизм что это такое простыми,1078,,Самооценка и личность → /artterapy
мужчина весы в отношениях с женщиной,1076,,Отношения → /artterapy
как избавиться от зависти,1075,,Прочее (вычитать вручную)
как выразить привязанность,1073,,Словарь и термины → /artterapy
одиночество причины,1062,,Прочее (вычитать вручную)
признаки депрессии у подростка,1062,,Дети и подростки → /artterapy
как справиться после расставания,1060,,Отношения → /artterapy
психолог и клинический психолог в чем разница,1058,,Для психологов → /praktik
жена в отношениях с мужчиной,1051,,Отношения → /artterapy
причины горечи постоянно,1050,,Прочее (вычитать вручную)
отношения между мужчиной с,1050,,Отношения → /artterapy
скорпионы мужчины в отношениях с женщиной,1047,,Отношения → /artterapy
как выйти из депрессии женщине,1046,,Отношения → /artterapy
как называется буллинг,1044,,Дети и подростки → /artterapy
архетипы и коллективное бессознательное юнг,1044,,Прочее (вычитать вручную)
причина расставания аркан,1043,,Отношения → /artterapy
нарцисс мужчина в отношениях с женщиной,1042,,Отношения → /artterapy
как называется тревожность,1041,,Тревога и депрессия → /artterapy
признаки тревоги,1038,,Прочее (вычитать вручную)
признаки абьюза,1035,,Прочее (вычитать вручную)
как избавиться от одиночества,1033,,Прочее (вычитать вручную)
как побороть тревожность,1033,,Тревога и депрессия → /artterapy
признаки буллинга,1030,,Дети и подростки → /artterapy
как подавлять эмоции,1029,,Эмоции и состояния → /artterapy
причины ревности,1026,,Отношения → /artterapy
как проживать эмоции,1024,,Эмоции и состояния → /artterapy
постоянная горечь во рту причины,1023,,Прочее (вычитать вручную)
признаки самооценок,1023,,Самооценка и личность → /artterapy
виды работы психолога,1011,,Для психологов → /praktik
этапы расставания,1011,,Отношения → /artterapy
психолог это простыми словами,1008,,Для психологов → /praktik
отличие депрессии,1005,,Тревога и депрессия → /artterapy
виды психотерапии,1004,,Для психологов → /praktik
причина обиды,1004,,Прочее (вычитать вручную)
тест на уровень депрессии стресса,1002,,Тревога и депрессия → /artterapy
синдром самозванца простыми словами,1000,,Самооценка и личность → /artterapy
психосоматика аллергии у женщин,997,,Словарь и термины → /artterapy
переходный возраст у подростков,995,,Дети и подростки → /artterapy
типы привязанности в психологии,994,,Для психологов → /praktik
тест на уровень ревности круговой,992,,Отношения → /artterapy
как убрать выгорание,987,,Выгорание и работа → /coach
колени психосоматика у женщин,987,,Словарь и термины → /artterapy
тест на уровень тревожности и депрессии,984,,Тревога и депрессия → /artterapy
как избавиться от обиды,981,,Прочее (вычитать вручную)
как написать о расставании,980,,Отношения → /artterapy
тревожность в отношениях,976,,Отношения → /artterapy
типы привязанности признаки,975,,Словарь и термины → /artterapy
как избавится от раздражения в зоне,974,,Прочее (вычитать вручную)
типы воспитания детей,974,,Дети и подростки → /artterapy
буллинг что это такое простыми словами,970,,Дети и подростки → /artterapy
депрессия признаки и симптомы,967,,Тревога и депрессия → /artterapy
как выйти из депрессии самостоятельно женщине,965,,Отношения → /artterapy
тест на ревность с диаграммой круглой,961,,Отношения → /artterapy
тест на депрессию на русском,959,,Тревога и депрессия → /artterapy
психосоматика болезней у женщин,959,,Словарь и термины → /artterapy
тест на уровень тревожности стресса и депрессии,958,,Тревога и депрессия → /artterapy
привязанность это простыми словами,958,,Словарь и термины → /artterapy
тревога беспокойство без причины,957,,Прочее (вычитать вручную)
депрессия расстройство симптомы,957,,Тревога и депрессия → /artterapy
типы тревожности,956,,Тревога и депрессия → /artterapy
цистит психосоматика причины,950,,Словарь и термины → /artterapy
перенос симптомов,949,,Словарь и термины → /artterapy
как пишется гештальт,948,,Словарь и термины → /artterapy
женщины близнецы в отношениях с мужчинами,948,,Отношения → /artterapy
причины возникновения психосоматики,948,,Словарь и термины → /artterapy
подростковый возраст у детей,946,,Дети и подростки → /artterapy
как начать депрессию,945,,Тревога и депрессия → /artterapy
вопросы воспитание детей в семье,941,,Дети и подростки → /artterapy
тест на тревогу hads,936,,Тесты → /online
психологический тест на депрессию,935,,Тревога и депрессия → /artterapy
как пережить развод с женой,931,,Отношения → /artterapy
развитие и воспитание ребенка в семье,928,,Дети и подростки → /artterapy
шея психосоматика у женщин,923,,Словарь и термины → /artterapy
как победить депрессию,921,,Тревога и депрессия → /artterapy
idrlabs тест на гнев,917,,Эмоции и состояния → /artterapy
как полюбить себя и повысить самооценку женщине,911,,Отношения → /artterapy
как справиться с раздражением,906,,Прочее (вычитать вручную)
истерики у детей 4,905,,Дети и подростки → /artterapy
телец в отношениях с мужчиной,904,,Отношения → /artterapy
признаки послеродовой депрессии,902,,Тревога и депрессия → /artterapy
как поднять самооценку женщине,902,,Отношения → /artterapy
паника причины,902,,Тревога и депрессия → /artterapy
рыбы в отношениях с мужчиной,902,,Отношения → /artterapy
избегающий тип привязанности у женщин,900,,Словарь и термины → /artterapy
ипохондрия это простыми словами,900,,Словарь и термины → /artterapy
типы рефлексии,894,,Прочее (вычитать вручную)
как вернуть парня после расставания,890,,Отношения → /artterapy
как избавиться от внутреннего беспокойства,887,,Прочее (вычитать вручную)
компенсация за причинение,885,,Прочее (вычитать вручную)
мужчина в отношениях с другой женщиной,882,,Отношения → /artterapy
как избавиться от внутренней тревожности,881,,Тревога и депрессия → /artterapy
психосоматика боли в пояснице у женщины,881,,Словарь и термины → /artterapy
перфекционизм что это такое простыми словами,879,,Самооценка и личность → /artterapy
компенсация причинения морального вреда,875,,Прочее (вычитать вручную)
психосоматика почки у женщин,872,,Словарь и термины → /artterapy
тест на ревность с диаграммой бесплатно,871,,Отношения → /artterapy
пройти тест на депрессию бесплатно,867,,Тревога и депрессия → /artterapy
выгорание это простыми словами,867,,Выгорание и работа → /coach
психосоматика желудка у женщин,866,,Словарь и термины → /artterapy
как побороть депрессию,866,,Тревога и депрессия → /artterapy
мужчина козерог в отношениях с женщиной,859,,Отношения → /artterapy
как избавиться от тревожности и внутреннего беспокойства,858,,Тревога и депрессия → /artterapy
как пережить развод советы,857,,Отношения → /artterapy
компенсация причиненного ущерба,856,,Прочее (вычитать вручную)
рак у женщин психосоматика,856,,Словарь и термины → /artterapy
выгорание на работе признаки,851,,Выгорание и работа → /coach
амбивалентность это простыми словами,850,,Словарь и термины → /artterapy
как отпустить человека после расставания,849,,Отношения → /artterapy
герпес психосоматика у женщин,849,,Словарь и термины → /artterapy
как называется обесценивание,849,,Прочее (вычитать вручную)
типы расставания,848,,Отношения → /artterapy
как отличить депрессию,846,,Тревога и депрессия → /artterapy
регрессия это простыми словами,845,,Словарь и термины → /artterapy
как избавиться от горечи огурцов,844,,Прочее (вычитать вручную)
тест на депрессию phq,840,,Тревога и депрессия → /artterapy
стыд это простыми словами,837,,Эмоции и состояния → /artterapy
тип привязанности простыми словами,833,,Словарь и термины → /artterapy
чувство беспокойства причины,826,,Эмоции и состояния → /artterapy
психосоматика у женщин симптомы,826,,Словарь и термины → /artterapy
одиноко в отношениях с мужчиной,825,,Отношения → /artterapy
дыхательные упражнения для снижения тревожности,823,,Тревога и депрессия → /artterapy
признаки эмпатии,820,,Словарь и термины → /artterapy
спина психосоматика у женщин,816,,Словарь и термины → /artterapy
тяжелая депрессия симптомы,813,,Тревога и депрессия → /artterapy
тест на шкалу тревожности,812,,Тревога и депрессия → /artterapy
кризис в отношениях с мужем,807,,Отношения → /artterapy
как убрать депрессию,807,,Тревога и депрессия → /artterapy
как справиться с депрессией самостоятельно,806,,Тревога и депрессия → /artterapy
тест на сильную ревность,804,,Отношения → /artterapy
как пережить расставание с девушкой,804,,Отношения → /artterapy
невроз что делать,803,,Тревога и депрессия → /artterapy
тест на ревность в дружбе,801,,Отношения → /artterapy
компенсация за причинение вреда,800,,Прочее (вычитать вручную)
вы как причина расставания тест,800,,Отношения → /artterapy
чувство тревоги и беспокойства причины,799,,Эмоции и состояния → /artterapy
цистит психосоматика причины у женщин,796,,Словарь и термины → /artterapy
психосоматика живота у женщин,794,,Словарь и термины → /artterapy
гештальт закрыт что это значит простыми,792,,Словарь и термины → /artterapy
как справиться с апатией,788,,Эмоции и состояния → /artterapy
привкус горечи во рту причины,786,,Прочее (вычитать вручную)
стадии после расставания,786,,Отношения → /artterapy
причины психосоматики болезней,784,,Словарь и термины → /artterapy
как избавиться от горечи во рту,783,,Прочее (вычитать вручную)
виды буллинга,782,,Дети и подростки → /artterapy
стадии принятия депрессии,782,,Тревога и депрессия → /artterapy
стадии расставания у женщин,781,,Отношения → /artterapy
как избавиться от стыда,781,,Эмоции и состояния → /artterapy
горечь во рту причины и что делать,775,,Прочее (вычитать вручную)
тест на тревожность и депрессию бесплатно,771,,Тревога и депрессия → /artterapy
избегающая привязанность признаки,769,,Словарь и термины → /artterapy
признаки эмоционального выгорания,768,,Эмоции и состояния → /artterapy
как лечить тревожность,765,,Тревога и депрессия → /artterapy
как пережить расставание совет,765,,Отношения → /artterapy
как называется переходный возраст,764,,Дети и подростки → /artterapy
испанский стыд это простыми словами,762,,Эмоции и состояния → /artterapy
психосоматика горла у женщин,758,,Словарь и термины → /artterapy
мужчина лев в отношениях с женщиной,757,,Отношения → /artterapy
признаки избегающего типа привязанности,756,,Словарь и термины → /artterapy
как пережить развод мужчине,755,,Отношения → /artterapy
как работает депрессия,752,,Тревога и депрессия → /artterapy
тест на тревожность и депрессию онлайн,750,,Тревога и депрессия → /artterapy
тест на злость и агрессию,749,,Эмоции и состояния → /artterapy
как определить депрессию,747,,Тревога и депрессия → /artterapy
тест на депрессию с расшифровкой,743,,Тревога и депрессия → /artterapy
признаки переходного возраста,743,,Прочее (вычитать вручную)
ригидность это простыми словами,742,,Словарь и термины → /artterapy
точный тест на ревность,741,,Отношения → /artterapy
типы привязанности что делать,740,,Словарь и термины → /artterapy
как избавиться от страха и тревоги,734,,Тревога и депрессия → /artterapy
как избавиться от апатии,732,,Эмоции и состояния → /artterapy
как убрать тревожность внутри себя,732,,Тревога и депрессия → /artterapy
как повысить самооценку и уверенность женщине,731,,Отношения → /artterapy
тест на депрессию бесплатно с расшифровкой,726,,Тревога и депрессия → /artterapy
тест на депрессию онлайн с расшифровкой,724,,Тревога и депрессия → /artterapy
пройти тест на депрессию бесплатно онлайн,724,,Тревога и депрессия → /artterapy
как проявляется психосоматика,724,,Словарь и термины → /artterapy
как начать отношения с мужчиной,722,,Отношения → /artterapy
причины злости,721,,Эмоции и состояния → /artterapy
тест на ревность с диаграммой круговой бесплатно,720,,Отношения → /artterapy
как называется расставание,720,,Отношения → /artterapy
мужчина телец в отношениях с женщиной,720,,Отношения → /artterapy
психосоматика заболеваний у женщин,719,,Словарь и термины → /artterapy
мужчины рыбы в отношениях с женщиной,718,,Отношения → /artterapy
эмоциональное выгорание что делать,717,,Эмоции и состояния → /artterapy
признаки нервной депрессии,717,,Тревога и депрессия → /artterapy
психосоматика поджелудочная железа у женщин,714,,Словарь и термины → /artterapy
как пережить расставание отношении,713,,Отношения → /artterapy
горечь в горле причины,712,,Прочее (вычитать вручную)
гештальт что это значит простыми,712,,Словарь и термины → /artterapy
пройти тест на тревожность,712,,Тревога и депрессия → /artterapy
чем клинический психолог отличается от обычного,712,,Для психологов → /praktik
лабильность это простыми словами,712,,Словарь и термины → /artterapy
тест на депрессию онлайн бесплатно с расшифровкой,710,,Тревога и депрессия → /artterapy
невроз причины,710,,Тревога и депрессия → /artterapy
психосоматика груди у женщин,708,,Словарь и термины → /artterapy
как пережить развод психолог,707,,Для психологов → /praktik
точный тест на ревность с диаграммой,706,,Отношения → /artterapy
дереализация это простыми словами,704,,Словарь и термины → /artterapy
как понять самооценку,702,,Самооценка и личность → /artterapy
признаки депрессии истощения,700,,Тревога и депрессия → /artterapy
признаки горечи во рту,699,,Прочее (вычитать вручную)
тревожно избегающая привязанность в отношениях,699,,Отношения → /artterapy
психосоматика глаз у женщин,699,,Словарь и термины → /artterapy
тест на тревожность онлайн бесплатно,698,,Тревога и депрессия → /artterapy
социальное воспитание ребенка в семье,698,,Дети и подростки → /artterapy
признаки депрессии и нервного истощения,697,,Тревога и депрессия → /artterapy
тест на злость с диаграммой,696,,Эмоции и состояния → /artterapy
тест на уровень гнева idrlabs,695,,Эмоции и состояния → /artterapy
причины подросткового возраста,694,,Дети и подростки → /artterapy
тревожно избегающий тип привязанности в отношениях,689,,Отношения → /artterapy
признаки отрицания,687,,Прочее (вычитать вручную)
причины расставания матрица,686,,Отношения → /artterapy
признаки ревности,681,,Отношения → /artterapy
саморегуляция у детей,680,,Прочее (вычитать вручную)
как начинается депрессия,679,,Тревога и депрессия → /artterapy
тест на депрессию бека онлайн с расшифровкой,677,,Тревога и депрессия → /artterapy
как бороться с выгоранием,677,,Выгорание и работа → /coach
как избавиться от депрессии самостоятельно,676,,Тревога и депрессия → /artterapy
симптомы после переноса,671,,Словарь и термины → /artterapy
психосоматика кисты у женщин,670,,Словарь и термины → /artterapy
тест на депрессию hads,668,,Тревога и депрессия → /artterapy
как справиться с буллингом,666,,Дети и подростки → /artterapy
как перестать думать о расставании,664,,Отношения → /artterapy
тест на депрессию онлайн шкала,661,,Тревога и депрессия → /artterapy
причины гнева,661,,Эмоции и состояния → /artterapy
как справиться с грустью,661,,Эмоции и состояния → /artterapy
повышенная тревожность у взрослых,660,,Тревога и депрессия → /artterapy
как стать поднять самооценку,660,,Самооценка и личность → /artterapy
тест на созависимость,658,,Тесты → /online
как справиться с тоской,657,,Эмоции и состояния → /artterapy
тест на депрессию idrlabs с диаграммой,656,,Тревога и депрессия → /artterapy
как правильно гештальт,654,,Словарь и термины → /artterapy
болит поясница психосоматика у женщин,654,,Словарь и термины → /artterapy
эффект даннинга крюгера простыми словами,653,,Словарь и термины → /artterapy
перепады настроения у женщин,649,,Прочее (вычитать вручную)
типы привязанности книга,649,,Словарь и термины → /artterapy
как уменьшить грудь в подростковом возрасте,647,,Дети и подростки → /artterapy
расставание в отношениях это,647,,Отношения → /artterapy
стадии депрессии торг,647,,Тревога и депрессия → /artterapy
как построить отношения с мужчиной,645,,Отношения → /artterapy
техники работы психолога,644,,Для психологов → /praktik
как перестать думать после расставания,644,,Отношения → /artterapy
чувство беспокойства без причины,642,,Эмоции и состояния → /artterapy
как начать после расставания,642,,Отношения → /artterapy
горечь во рту во сне причины,641,,Прочее (вычитать вручную)
как жить после расставания,641,,Отношения → /artterapy
причины буллинга,640,,Дети и подростки → /artterapy
как поднять самооценку и стать уверенной,640,,Самооценка и личность → /artterapy
как пережить развод советы психолога,640,,Для психологов → /praktik
стрелец в отношениях с мужчиной,637,,Отношения → /artterapy
как называется самооценка,636,,Самооценка и личность → /artterapy
кризис 3 лет в отношениях,630,,Отношения → /artterapy
как проходит расставание,630,,Отношения → /artterapy
как лечится депрессия,630,,Тревога и депрессия → /artterapy
плечи психосоматика у женщин,629,,Словарь и термины → /artterapy
причины великой депрессии,629,,Тревога и депрессия → /artterapy
эмоциональное выгорание на работе,628,,Эмоции и состояния → /artterapy
как забыть любимого после расставания,628,,Отношения → /artterapy
горечь на языке причины,627,,Прочее (вычитать вручную)
стадии принятия расставания,627,,Отношения → /artterapy
воспитание в семье права ребенка,627,,Дети и подростки → /artterapy
тест на привязанность к человеку,626,,Словарь и термины → /artterapy
воспитание и обучение детей в семье,626,,Дети и подростки → /artterapy
чувство тревоги и беспокойства без причины,624,,Эмоции и состояния → /artterapy
как пережить депрессию,623,,Тревога и депрессия → /artterapy
постоянная горечь во рту причины у женщин,622,,Прочее (вычитать вручную)
как избавиться от тревоги и беспокойства,622,,Прочее (вычитать вручную)
как писать расставание,622,,Отношения → /artterapy
депрессия симптомы у подростков,622,,Дети и подростки → /artterapy
как забыть человека после расставания,620,,Отношения → /artterapy
архетипы бессознательного карла юнга,619,,Прочее (вычитать вручную)
карл юнг архетипы бессознательного,619,,Прочее (вычитать вручную)
как помочь человеку с депрессией,618,,Тревога и депрессия → /artterapy
аллергия причины психосоматики,618,,Словарь и термины → /artterapy
как отличить привязанность,616,,Словарь и термины → /artterapy
ведомый мужчина в отношениях с женщиной,615,,Отношения → /artterapy
психосоматика миомы у женщин,614,,Словарь и термины → /artterapy
признаки депрессии у человека,611,,Тревога и депрессия → /artterapy
психосоматика давление у женщин,611,,Словарь и термины → /artterapy
причина горечи во рту после сна,609,,Прочее (вычитать вручную)
тест на привязанность с диаграммой круговой,608,,Словарь и термины → /artterapy
виды тревожности,608,,Тревога и депрессия → /artterapy
этапы урока рефлексия,607,,Прочее (вычитать вручную)
как избавиться от тревожности и мыслей,605,,Тревога и депрессия → /artterapy
причины самооценки,604,,Самооценка и личность → /artterapy
психосоматика веса у женщин,604,,Словарь и термины → /artterapy
психосоматика кишечника у женщины,603,,Словарь и термины → /artterapy
как пережить развод с мужем советы,600,,Отношения → /artterapy
стадии гнев депрессия,599,,Тревога и депрессия → /artterapy
дереализация симптомы,599,,Прочее (вычитать вручную)
психосоматика почему болит у женщин,599,,Словарь и термины → /artterapy
как избавиться от привязанности к человеку,597,,Словарь и термины → /artterapy
тест на уровень гнева с диаграммой,597,,Эмоции и состояния → /artterapy
виды самооценки,597,,Самооценка и личность → /artterapy
как понять что у человека депрессия,596,,Тревога и депрессия → /artterapy
типы отношений в психологии,595,,Для психологов → /praktik
повышенная тревожность симптомы,595,,Тревога и депрессия → /artterapy
депривация что это простыми словами,595,,Словарь и термины → /artterapy
психосоматика причины луиза хей,594,,Словарь и термины → /artterapy
как избавиться от мыслей тревоги,589,,Прочее (вычитать вручную)
мужчины овны в отношениях с женщиной,589,,Отношения → /artterapy
тест на уровень ревности idrlabs,588,,Отношения → /artterapy
как вернуть женщину после расставания,588,,Отношения → /artterapy
как называется обесценивание денег,588,,Прочее (вычитать вручную)
признаки зависти,587,,Прочее (вычитать вручную)
гештальт что это значит простыми словами,584,,Словарь и термины → /artterapy
тест на тревожность с диаграммой круговой,584,,Тревога и депрессия → /artterapy
тест на послеродовую депрессию,583,,Тревога и депрессия → /artterapy
тест на процент ревности,583,,Отношения → /artterapy
как ведет себя избегающий тип привязанности,580,,Словарь и термины → /artterapy
отношения с нарциссом мужчиной признаки,580,,Отношения → /artterapy
торг депрессия принятие стадии,579,,Тревога и депрессия → /artterapy
как избавиться от злости,578,,Эмоции и состояния → /artterapy
мужчины раки в отношениях с женщинами,575,,Отношения → /artterapy
признаки низкой самооценки,573,,Самооценка и личность → /artterapy
симптомы горечи,572,,Прочее (вычитать вручную)
как избавиться от навязчивой тревожности,571,,Тревога и депрессия → /artterapy
как избавиться от выгорания,570,,Выгорание и работа → /coach
психосоматика молочницы у женщины,570,,Словарь и термины → /artterapy
карл юнг архетипы и коллективное бессознательное,569,,Прочее (вычитать вручную)
карла юнга архетипы и коллективное бессознательное,569,,Прочее (вычитать вручную)
как избавиться от тоски,568,,Эмоции и состояния → /artterapy
как справиться с эмоциональным выгоранием,563,,Эмоции и состояния → /artterapy
вы как причина расставания,562,,Отношения → /artterapy
тест на привязанность бесплатно,561,,Словарь и термины → /artterapy
этапы самооценки,561,,Самооценка и личность → /artterapy
тип привязанности в отношениях у мужчины,559,,Отношения → /artterapy
как вернуть бывшую девушку после расставания,559,,Отношения → /artterapy
выгорание на работе что делать,559,,Выгорание и работа → /coach
как успокоить тревожность,558,,Тревога и депрессия → /artterapy
гештальт техники,556,,Словарь и термины → /artterapy
психолог работает на работе психологом,555,,Для психологов → /praktik
как правильно пишется депрессия,553,,Тревога и депрессия → /artterapy
как избавиться от тревожности и навязчивых мыслей,551,,Тревога и депрессия → /artterapy
условия воспитания ребенка в семье,548,,Дети и подростки → /artterapy
нарцисс мужчина в отношениях с женщиной признаки,547,,Отношения → /artterapy
психология про отношения между мужчиной,546,,Для психологов → /praktik
психосоматика яичники у женщин,545,,Словарь и термины → /artterapy
как пережить одиночество,544,,Прочее (вычитать вручную)
виды рефлексии,544,,Прочее (вычитать вручную)
как избавиться от стресса и тревоги,543,,Практики и восстановление → /online
диссоциация это простыми словами,543,,Словарь и термины → /artterapy
сублимация в психологии простыми словами,542,,Для психологов → /praktik
формы воспитания ребенка в семье,542,,Дети и подростки → /artterapy
клинический психолог это простыми словами,540,,Для психологов → /praktik
техники когнитивной психотерапии,539,,Для психологов → /praktik
психология про отношения между мужчиной и женщиной,539,,Для психологов → /praktik
тест на ревность idrlabs на русском,539,,Отношения → /artterapy
чем плоха тревожность,539,,Тревога и депрессия → /artterapy
симптомы депрессии людей,539,,Тревога и депрессия → /artterapy
психосоматика суставов у женщин,538,,Словарь и термины → /artterapy
геморрой психосоматика причины,538,,Словарь и термины → /artterapy
признаки подросткового возраста,537,,Дети и подростки → /artterapy
стадии расставания у мужчин,537,,Отношения → /artterapy
как выстраивать отношения с мужчиной,537,,Отношения → /artterapy
работа психологом что делать,536,,Для психологов → /praktik
бекка тест на депрессию,536,,Тревога и депрессия → /artterapy
гештальт психология простыми словами,536,,Для психологов → /praktik
психосоматика лишнего веса у женщин,536,,Словарь и термины → /artterapy
как справиться с тревогой и беспокойством,535,,Прочее (вычитать вручную)
тест на грусть,531,,Эмоции и состояния → /artterapy
как пережить развод с мужем психолог,531,,Для психологов → /praktik
тест на тип привязанности бесплатно,530,,Словарь и термины → /artterapy
тест на тревогу и депрессию hads,529,,Тревога и депрессия → /artterapy
как отпустить любимого человека после расставания,529,,Отношения → /artterapy
стадии депрессии отрицание,528,,Тревога и депрессия → /artterapy
тест на уровень депрессии с диаграммой,527,,Тревога и депрессия → /artterapy
как выбраться из депрессии,526,,Тревога и депрессия → /artterapy
как выйти из депрессии советы,525,,Тревога и депрессия → /artterapy
тест на абьюз,521,,Тесты → /online
психосоматика эндометриоза у женщин,521,,Словарь и термины → /artterapy
как ведут себя мужчины после расставания,520,,Отношения → /artterapy
шкала бека тест на депрессию и тревожность,519,,Тревога и депрессия → /artterapy
как избавиться от чувства тревоги,519,,Эмоции и состояния → /artterapy
утром горечь во рту после сна причины,518,,Прочее (вычитать вручную)
онлайн тест на ревность с диаграммой,518,,Отношения → /artterapy
как пережить развод с мужем советы психолога,518,,Для психологов → /praktik
как перестать думать о человеке после расставания,515,,Отношения → /artterapy
как пережить расставание с женщиной,515,,Отношения → /artterapy
первые признаки депрессии,514,,Тревога и депрессия → /artterapy
первый признак депрессии,514,,Тревога и депрессия → /artterapy
признаки депрессии у мужчин,514,,Отношения → /artterapy
беспричинная тревога,513,,Прочее (вычитать вручную)
психосоматика губах у женщин,513,,Словарь и термины → /artterapy
избегающая привязанность что делать,512,,Словарь и термины → /artterapy
возможная причина расставания,511,,Отношения → /artterapy
тест на выгорание на работе,511,,Выгорание и работа → /coach
причина тоски,510,,Эмоции и состояния → /artterapy
как правильно депрессия или дипрессия,506,,Тревога и депрессия → /artterapy
онлайн тест на депрессию по шкале бека,504,,Тревога и депрессия → /artterapy
нужно ли психологу образование,504,,Для психологов → /praktik
тип привязанности в отношениях у женщин,503,,Отношения → /artterapy
как живете с депрессией,502,,Тревога и депрессия → /artterapy
как жить с депрессией,502,,Тревога и депрессия → /artterapy
у ребенка истерика что делать 2,501,,Дети и подростки → /artterapy
как поднять самооценку и уверенность женщине,501,,Отношения → /artterapy
этапы подросткового возраста,500,,Дети и подростки → /artterapy
тест на депрессию по шкале бесплатно,499,,Тревога и депрессия → /artterapy
как пережить обиду,498,,Прочее (вычитать вручную)
незакрытый гештальт это простыми словами,494,,Словарь и термины → /artterapy
тест на уровень эмпатии,494,,Словарь и термины → /artterapy
как проявляется тревожность,494,,Тревога и депрессия → /artterapy
психосоматика болят колени у женщин,494,,Словарь и термины → /artterapy
газлайтинг это простыми словами в отношениях,493,,Отношения → /artterapy
тест на тревожность idrlabs,492,,Тревога и депрессия → /artterapy
как пишется слово депрессия,492,,Тревога и депрессия → /artterapy
как справиться с разочарованием,491,,Прочее (вычитать вручную)
женщина стрелец в отношениях с мужчиной,490,,Отношения → /artterapy
тест на депрессию с диаграммой на русском,489,,Тревога и депрессия → /artterapy
как убрать привязанность,489,,Словарь и термины → /artterapy
психотерапия этапы психотерапии,489,,Для психологов → /praktik
как вернуть человека после расставания,489,,Отношения → /artterapy
тест на вашу тревожность,489,,Тревога и депрессия → /artterapy
женщина водолей в отношениях с мужчиной,489,,Отношения → /artterapy
перепады настроения причина,488,,Прочее (вычитать вручную)
избегающий тип привязанности это простыми словами,488,,Словарь и термины → /artterapy
как долго переживали расставание,488,,Отношения → /artterapy
как справиться с паникой,487,,Тревога и депрессия → /artterapy
как отпустить человека после расставания которого любишь,486,,Отношения → /artterapy
тест на тревогу хадс,485,,Тесты → /online
как проявляется депрессия у женщин,485,,Тревога и депрессия → /artterapy
упражнения от тревоги,482,,Практики и восстановление → /online
неврозы симптомы у взрослых,482,,Тревога и депрессия → /artterapy
тест на ревность idrlabs круговая диаграмма,481,,Отношения → /artterapy
как сделать грудь больше в подростковом возрасте,480,,Дети и подростки → /artterapy
отношения с абьюзером мужчиной признаки,479,,Отношения → /artterapy
психосоматика причины у взрослых,478,,Словарь и термины → /artterapy
эмоциональное выгорание в отношениях,477,,Отношения → /artterapy
желчный психосоматика у женщин,477,,Словарь и термины → /artterapy
зачем депрессия,476,,Тревога и депрессия → /artterapy
тест на депрессию гамильтона,475,,Тревога и депрессия → /artterapy
как вести себя при расставании,475,,Отношения → /artterapy
переходный возраст у мужчин,475,,Дети и подростки → /artterapy
психосоматика запора у женщины,472,,Словарь и термины → /artterapy
после депрессия что делать,471,,Тревога и депрессия → /artterapy
как пережить боль расставания,470,,Отношения → /artterapy
тест на ваш уровень тревожности,470,,Тревога и депрессия → /artterapy
как выйти из депрессии самостоятельно советы,469,,Тревога и депрессия → /artterapy
привкус горечи во рту причины у женщин,467,,Прочее (вычитать вручную)
невроз у подростков,467,,Дети и подростки → /artterapy
стадии депрессии торг гнев,467,,Тревога и депрессия → /artterapy
причина горечи тошнота,465,,Прочее (вычитать вручную)
причины истерик у ребенка,465,,Дети и подростки → /artterapy
мужчина абьюзер в отношениях с женщиной признаки,465,,Отношения → /artterapy
тревожность в семье,464,,Отношения → /artterapy
как вывести человека из депрессии,464,,Тревога и депрессия → /artterapy
как выводить человека из депрессии,464,,Тревога и депрессия → /artterapy
созависимость это простыми словами,463,,Словарь и термины → /artterapy
как пережить развод форум,463,,Отношения → /artterapy
тест на скрытую депрессию,462,,Тревога и депрессия → /artterapy
пройти тест на депрессию бека онлайн бесплатно,461,,Тревога и депрессия → /artterapy
избегающий тип привязанности в отношениях у мужчины,461,,Отношения → /artterapy
как повышать самооценку женщине психология,461,,Для психологов → /praktik
нравственное воспитание ребенка в семье,461,,Дети и подростки → /artterapy
как справиться с тревожностью и беспокойством,460,,Тревога и депрессия → /artterapy
тест на алекситимию,459,,Тесты → /online
как проявляется невроз,459,,Тревога и депрессия → /artterapy
причина раздражения мужчины,458,,Отношения → /artterapy
как пережить расставание с любимым человеком советы,458,,Отношения → /artterapy
тревога страхи причина,457,,Тревога и депрессия → /artterapy
как повысить самооценку книги,457,,Самооценка и личность → /artterapy
как вернуть любимого мужчину после расставания,455,,Отношения → /artterapy
закрыть гештальт что это такое простыми словами,455,,Словарь и термины → /artterapy
психосоматика геморроя у мужчин,455,,Отношения → /artterapy
как отличить любовь от привязанности,454,,Словарь и термины → /artterapy
как избавиться от созависимости,454,,Прочее (вычитать вручную)
как проходит депрессия,454,,Тревога и депрессия → /artterapy
клинический психолог отличие от психолога,453,,Для психологов → /praktik
как себя вести с избегающим типом привязанности,452,,Словарь и термины → /artterapy
признаки депрессии и нервного истощения у женщин,452,,Тревога и депрессия → /artterapy
тест на ревность testharaktera,451,,Отношения → /artterapy
как распознать депрессию,451,,Тревога и депрессия → /artterapy
буллинг в отношениях,450,,Дети и подростки → /artterapy
стадии эмоционального выгорания,449,,Эмоции и состояния → /artterapy
неврозы отличие,449,,Тревога и депрессия → /artterapy
тест на самооценку и уверенность в себе,449,,Самооценка и личность → /artterapy
признаки профессионального выгорания,448,,Выгорание и работа → /coach
как работает психосоматика,447,,Выгорание и работа → /coach
стадии депрессии отрицание принятие,447,,Тревога и депрессия → /artterapy
раздражение кишечника симптомы,446,,Прочее (вычитать вручную)
ипохондрия симптомы,445,,Прочее (вычитать вручную)
гнев торг депрессия принятие стадии,445,,Тревога и депрессия → /artterapy
чем опасна депрессия,445,,Тревога и депрессия → /artterapy
типы привязанности ребенка,444,,Дети и подростки → /artterapy
тест на синдром самозванца,442,,Самооценка и личность → /artterapy
тест на вашу тревожность стресса,442,,Тревога и депрессия → /artterapy
чем занимается клинический психолог простыми словами,442,,Для психологов → /praktik
как выйти из депрессии самостоятельно женщине советы,442,,Отношения → /artterapy
упражнения в подростковом возрасте,440,,Дети и подростки → /artterapy
тест на депрессию по шкале бека бесплатно,439,,Тревога и депрессия → /artterapy
тест на определение депрессии,439,,Тревога и депрессия → /artterapy
тест на ваш уровень тревожности стресса,439,,Тревога и депрессия → /artterapy
как справиться с завистью,438,,Эмоции и состояния → /artterapy
тест на депрессию без регистрации,437,,Тревога и депрессия → /artterapy
тест на характер ревности,437,,Отношения → /artterapy
постоянная тревога причины,436,,Прочее (вычитать вручную)
как определить привязанность,436,,Словарь и термины → /artterapy
как победить тревожность,436,,Тревога и депрессия → /artterapy
поджелудочная психосоматика у женщин,436,,Словарь и термины → /artterapy
самооценка в семье,435,,Отношения → /artterapy
причина геморроя у женщин психосоматика,435,,Словарь и термины → /artterapy
как понять суть депрессии,435,,Тревога и депрессия → /artterapy
как сделать привязанность,434,,Словарь и термины → /artterapy
признаки после депрессии,434,,Тревога и депрессия → /artterapy
герпес на губе психосоматика у женщин,434,,Словарь и термины → /artterapy
тест на тревожную привязанность,433,,Тревога и депрессия → /artterapy
как называется психотерапия,433,,Для психологов → /praktik
тест на вашу депрессию,432,,Тревога и депрессия → /artterapy
гештальт в отношениях,432,,Отношения → /artterapy
как избавиться от паники,432,,Тревога и депрессия → /artterapy
отношения с мужчиной на работе,432,,Отношения → /artterapy
признаки саморегуляции,430,,Прочее (вычитать вручную)
истерики у детей форум,430,,Дети и подростки → /artterapy
сухость и горечь причины,428,,Прочее (вычитать вручную)
тест на ваш уровень депрессии,427,,Тревога и депрессия → /artterapy
руминация это простыми словами,427,,Словарь и термины → /artterapy
как правильно пишется дипрессия или депрессия,427,,Тревога и депрессия → /artterapy
тест на вашу тревожность депрессию,426,,Тревога и депрессия → /artterapy
горечь и сухость во рту причины,426,,Прочее (вычитать вручную)
симптомы невроза у мужчин,426,,Отношения → /artterapy
психосоматика это простыми словами как проявляется,426,,Словарь и термины → /artterapy
причины апатии у женщин,425,,Эмоции и состояния → /artterapy
тест на невроз,425,,Тревога и депрессия → /artterapy
стадии отрицание гнев депрессия,425,,Тревога и депрессия → /artterapy
тест на вашу тревожность стресс депрессию,424,,Тревога и депрессия → /artterapy
моббинг на работе,424,,Выгорание и работа → /coach
тест на сколько ревность,423,,Отношения → /artterapy
психосоматика у подростков,423,,Дети и подростки → /artterapy
тест на ваш уровень стресса депрессии,422,,Тревога и депрессия → /artterapy
тест на ваш уровень тревожности депрессии,422,,Тревога и депрессия → /artterapy
как пишется буллинг,422,,Дети и подростки → /artterapy
тест на ваш уровень тревожности стресса депрессии,421,,Тревога и депрессия → /artterapy
признаки одиночества,421,,Прочее (вычитать вручную)
лицо психосоматика у женщин,421,,Словарь и термины → /artterapy
невроз у детей симптомы,419,,Тревога и депрессия → /artterapy
причина раздражение кожи,418,,Прочее (вычитать вручную)
как бороться с депрессией самостоятельно,417,,Тревога и депрессия → /artterapy
отрыжка горечью причины,416,,Прочее (вычитать вручную)
признаки привязанности мужчины,416,,Отношения → /artterapy
причинить обиду,416,,Прочее (вычитать вручную)
как пережить расставание с парнем,415,,Отношения → /artterapy
как закончить отношения с мужчиной,415,,Отношения → /artterapy
техники выгорания,415,,Выгорание и работа → /coach
как помочь пережить расставание,415,,Отношения → /artterapy
депрессия и апатия в чем разница,414,,Тревога и депрессия → /artterapy
как избавиться от чувства стыда,413,,Эмоции и состояния → /artterapy
психология привязанности в отношениях,411,,Для психологов → /praktik
гештальт терапия что это такое простыми,411,,Словарь и термины → /artterapy
клиническая депрессия симптомы,411,,Для психологов → /praktik
тест на тревогу бесплатно,410,,Тесты → /online
психосоматика мигрени у женщин,409,,Словарь и термины → /artterapy
тест на тревожный тип привязанности,408,,Тревога и депрессия → /artterapy
психосоматика кашля у женщин,407,,Словарь и термины → /artterapy
повышена тревожность что делать,406,,Тревога и депрессия → /artterapy
после кризиса в отношениях,406,,Отношения → /artterapy
паника симптомы,406,,Тревога и депрессия → /artterapy
тест на самооценку с диаграммой,406,,Самооценка и личность → /artterapy
как избавиться от навязчивой тревоги,405,,Прочее (вычитать вручную)
повышенная тревожность что делать,405,,Тревога и депрессия → /artterapy
как понять что у тебя выгорание,405,,Выгорание и работа → /coach
психосоматика желчного пузыря у женщин,405,,Словарь и термины → /artterapy
тревожная депрессия симптомы,405,,Тревога и депрессия → /artterapy
воспитание детей в семье цель,404,,Дети и подростки → /artterapy
как справиться тревогой самостоятельно,403,,Прочее (вычитать вручную)
как выйти из начинающей депрессии,403,,Тревога и депрессия → /artterapy
как начать выходить из депрессии,403,,Тревога и депрессия → /artterapy
тревога причины как избавиться,402,,Прочее (вычитать вручную)
причина расставания в совместимости,402,,Отношения → /artterapy
болят ноги психосоматика у женщин,402,,Словарь и термины → /artterapy
послеродовая депрессия симптомы и признаки,401,,Тревога и депрессия → /artterapy
как найти расставание,401,,Отношения → /artterapy
виды неврозов,401,,Тревога и депрессия → /artterapy
эффект даннинга крюгера что это такое простыми,401,,Словарь и термины → /artterapy
как общаться с мужчиной в отношениях,400,,Отношения → /artterapy
стадии гнев отрицание принятие депрессия,399,,Тревога и депрессия → /artterapy
как справиться со стрессом и тревогой,398,,Практики и восстановление → /online
стадии отрицание торг депрессия,398,,Тревога и депрессия → /artterapy
как проверить выгорание,397,,Выгорание и работа → /coach
как избавиться от психосоматики,397,,Словарь и термины → /artterapy
женская психология в отношениях,395,,Для психологов → /praktik
болит шея психосоматика у женщин,395,,Словарь и термины → /artterapy
тест на наличие депрессии,394,,Тревога и депрессия → /artterapy
тест на депрессию бесплатно без регистрации,393,,Тревога и депрессия → /artterapy
как пережить расставание с мужем,393,,Отношения → /artterapy
как уйти в депрессию,393,,Тревога и депрессия → /artterapy
типы привязанности в дружбе,392,,Словарь и термины → /artterapy
как выйти из выгорания,392,,Выгорание и работа → /coach
депрессия при беременности,392,,Тревога и депрессия → /artterapy
тест на апатию и эмоциональное,391,,Эмоции и состояния → /artterapy
эмпатия это простыми словами в психологии,390,,Для психологов → /praktik
тревожность симптомы у женщин,390,,Тревога и депрессия → /artterapy
как человеку выйти из депрессии,390,,Тревога и депрессия → /artterapy
причины привязанности,389,,Словарь и термины → /artterapy
диабет психосоматика у женщин,389,,Словарь и термины → /artterapy
как избавиться от невроза,388,,Тревога и депрессия → /artterapy
как поддержать после расставания,387,,Отношения → /artterapy
признаки паники,387,,Тревога и депрессия → /artterapy
тревожность у мужчин,386,,Отношения → /artterapy
тест на избегающий тип привязанности,385,,Словарь и термины → /artterapy
тревожная привязанность у женщин,385,,Тревога и депрессия → /artterapy
низкая самооценка что делать,385,,Самооценка и личность → /artterapy
как забыть любимого человека после расставания,385,,Отношения → /artterapy
тест на перфекционизм,384,,Самооценка и личность → /artterapy
психосоматика правой стороны у женщины,384,,Словарь и термины → /artterapy
воспитания ребенка дошкольного возраста в семье,384,,Дети и подростки → /artterapy
как избавиться от горечи в баклажанах,383,,Прочее (вычитать вручную)
виды саморегуляций,383,,Прочее (вычитать вручную)
советы в отношениях с мужчиной,383,,Отношения → /artterapy
психосоматика ангины у женщин,382,,Словарь и термины → /artterapy
простая депрессия симптомы,382,,Тревога и депрессия → /artterapy
как преодолеть депрессию,381,,Тревога и депрессия → /artterapy
тест на депрессию по шкале онлайн бесплатно,380,,Тревога и депрессия → /artterapy
тест на апатию и эмоциональное выгорание,380,,Эмоции и состояния → /artterapy
как написать парню о расставании,380,,Отношения → /artterapy
гештальт терапия что это такое простыми словами,378,,Словарь и термины → /artterapy
как лечить депрессию у женщин,378,,Тревога и депрессия → /artterapy
горечь во рту признаки заболевания,377,,Прочее (вычитать вручную)
деперсонализация симптомы,377,,Практики и восстановление → /online
психосоматика левая нога у женщин,377,,Словарь и термины → /artterapy
как помочь себе при депрессии,377,,Тревога и депрессия → /artterapy
тест на депрессию и тревожность по шкале,376,,Тревога и депрессия → /artterapy
как вернуть любимого человека после расставания,376,,Отношения → /artterapy
эмоциональное выгорание это простыми словами,375,,Эмоции и состояния → /artterapy
признаки переходного возраста у девочек,375,,Прочее (вычитать вручную)
тест на выгорание онлайн,375,,Выгорание и работа → /coach
горечь во рту признаки какого заболевания,373,,Прочее (вычитать вручную)
тревожный тип привязанности у женщин,373,,Тревога и депрессия → /artterapy
упражнение для самооценки,373,,Самооценка и личность → /artterapy
депрессия симптомы у женщин после 40,373,,Тревога и депрессия → /artterapy
моббинг стадии,372,,Прочее (вычитать вручную)
невроз симптомы и признаки,372,,Тревога и депрессия → /artterapy
тест на социальную тревожность,372,,Тревога и депрессия → /artterapy
задачи воспитания детей в семье,372,,Дети и подростки → /artterapy
рак психосоматика причины,371,,Словарь и термины → /artterapy
психосоматика миомы матки у женщин,370,,Словарь и термины → /artterapy
как пережить развод родителей,370,,Дети и подростки → /artterapy
как справиться со страхом и тревогой,369,,Тревога и депрессия → /artterapy
тревожная привязанность что делать,369,,Тревога и депрессия → /artterapy
как избавиться от гнева,369,,Эмоции и состояния → /artterapy
как справиться с тревожностью и навязчивыми мыслями,368,,Тревога и депрессия → /artterapy
как поднять самооценку мужчине,368,,Отношения → /artterapy
как сделать депрессию,368,,Тревога и депрессия → /artterapy
техники гештальт терапии,367,,Словарь и термины → /artterapy
причины зависти,366,,Прочее (вычитать вручную)
лихи техники когнитивной психотерапии,366,,Для психологов → /praktik
как вернуть депрессию,366,,Тревога и депрессия → /artterapy
зависть это простыми словами,365,,Эмоции и состояния → /artterapy
тест на депрессию с результатом,364,,Тревога и депрессия → /artterapy
как пройти сепарацию,364,,Словарь и термины → /artterapy
как проходит сепарация,364,,Словарь и термины → /artterapy
как правильно пишется слово депрессия,364,,Тревога и депрессия → /artterapy
как избавиться от подросткового возраста,363,,Дети и подростки → /artterapy
стадии развития моббинга,362,,Прочее (вычитать вручную)
невроз и невроз разница,362,,Тревога и депрессия → /artterapy
как вылечить невроз,362,,Тревога и депрессия → /artterapy
типы выгоранием,362,,Выгорание и работа → /coach
тест на депрессию com,361,,Тревога и депрессия → /artterapy
поясница психосоматика причины,361,,Словарь и термины → /artterapy
упражнение отрицание,361,,Практики и восстановление → /online
алекситимия это простыми словами,359,,Словарь и термины → /artterapy
как выглядит выгорание,359,,Выгорание и работа → /coach
тест на тип привязанности с диаграммой круговой,358,,Словарь и термины → /artterapy
как строить отношения с избегающим типом привязанности,358,,Отношения → /artterapy
как понять избегающий тип привязанности,358,,Словарь и термины → /artterapy
как проявляется привязанность,358,,Словарь и термины → /artterapy
ангедония что это такое простыми,358,,Словарь и термины → /artterapy
как пишется слово депрессия или дипрессия,358,,Тревога и депрессия → /artterapy
фрустрация это простыми словами в психологии,357,,Для психологов → /praktik
тест на тревожность спилбергера ханина,357,,Тревога и депрессия → /artterapy
триггер что это значит простыми словами,357,,Словарь и термины → /artterapy
гештальт закрыт что это значит простыми словами,356,,Словарь и термины → /artterapy
паника без причины,356,,Тревога и депрессия → /artterapy
железо психосоматика у женщин,355,,Словарь и термины → /artterapy
типы привязанности в отношениях психология,354,,Для психологов → /praktik
как пережить расставание долгих отношений,354,,Отношения → /artterapy
психосоматика носа у женщин,354,,Словарь и термины → /artterapy
воспитания детей в семье с ответами,354,,Дети и подростки → /artterapy
перфекционизм что это означает простыми словами,353,,Самооценка и личность → /artterapy
стадии депрессия торг принятие отрицание,353,,Тревога и депрессия → /artterapy
три кризиса в отношениях,352,,Отношения → /artterapy
как справиться со злостью,352,,Эмоции и состояния → /artterapy
испанский стыд это простыми словами что значит,352,,Эмоции и состояния → /artterapy
причина горечи огурцов,351,,Прочее (вычитать вручную)
когнитивное искажение это простыми словами,351,,Словарь и термины → /artterapy
особенности воспитание ребенка в семье,351,,Дети и подростки → /artterapy
как перестать любить после расставания,350,,Отношения → /artterapy
тест на тревожность для подростков,350,,Дети и подростки → /artterapy
тест на стиль привязанности,348,,Словарь и термины → /artterapy
как формируется привязанность,348,,Словарь и термины → /artterapy
тест на тревогу и депрессию онлайн,347,,Тревога и депрессия → /artterapy
слабость апатия причины,347,,Эмоции и состояния → /artterapy
как пережить расставание после долгих отношений,347,,Отношения → /artterapy
симптомы переходного возраста,347,,Прочее (вычитать вручную)
чем отличается любовь от привязанности,346,,Словарь и термины → /artterapy
чем отличается невроз от невроза,346,,Тревога и депрессия → /artterapy
программа воспитание ребенка в семье,346,,Дети и подростки → /artterapy
психосоматика горло болит у женщины,345,,Словарь и термины → /artterapy
как определить тип привязанности,344,,Словарь и термины → /artterapy
пройти тест на тревожность онлайн,344,,Тревога и депрессия → /artterapy
как справиться с беспокойством самостоятельно,343,,Прочее (вычитать вручную)
как перестать обида,343,,Эмоции и состояния → /artterapy
признаки невроза у женщин,343,,Тревога и депрессия → /artterapy
стадии отрицание гнев торг депрессия,343,,Тревога и депрессия → /artterapy
болит спина психосоматика у женщин,343,,Словарь и термины → /artterapy
язык и горечь во рту причины,342,,Прочее (вычитать вручную)
тревожный тип привязанности что делать,341,,Тревога и депрессия → /artterapy
тест на ревность idrlabs на русском диаграмма,341,,Отношения → /artterapy
мужчины близнецы характеристика в отношениях с женщиной,341,,Отношения → /artterapy
упражнения психотерапии,340,,Для психологов → /praktik
типы подросткового возраста,340,,Дети и подростки → /artterapy
психология отношений в семье,339,,Для психологов → /praktik
признаки состояния апатии,339,,Эмоции и состояния → /artterapy
как выразить привязанность к искусственному интеллекту,338,,Словарь и термины → /artterapy
как принять расставание,338,,Отношения → /artterapy
как забыть мужчину после расставания,338,,Отношения → /artterapy
как сказать мужчине о расставании,338,,Отношения → /artterapy
как лечить выгорание,338,,Выгорание и работа → /coach
причины депрессии у женщин,338,,Тревога и депрессия → /artterapy
депрессия в семье,337,,Отношения → /artterapy
буллинг в семье,336,,Дети и подростки → /artterapy
тест на профессиональное выгорание,336,,Выгорание и работа → /coach
как выглядит подростковый возраст,335,,Дети и подростки → /artterapy
невроз что это такое простыми,335,,Тревога и депрессия → /artterapy
как избавить баклажаны от горечи,334,,Прочее (вычитать вручную)
симптомы тревожности у взрослых,334,,Тревога и депрессия → /artterapy
как справиться с расставанием с человеком,333,,Отношения → /artterapy
тест на диссоциацию,332,,Словарь и термины → /artterapy
как повысить самооценку подростку,332,,Дети и подростки → /artterapy
как правильно дипрессия или депрессия слово,332,,Тревога и депрессия → /artterapy
бессилие причины,331,,Прочее (вычитать вручную)
тест на привязанность онлайн,331,,Словарь и термины → /artterapy
признаки беспокойства,331,,Прочее (вычитать вручную)
симптомы подросткового возраста,331,,Дети и подростки → /artterapy
как избавиться от дереализации,331,,Прочее (вычитать вручную)
тест на депрессию idrlabs com,330,,Тревога и депрессия → /artterapy
как перестать любить человека после расставания,330,,Отношения → /artterapy
как бороться с буллингом,329,,Дети и подростки → /artterapy
тест на ревность ясно,329,,Отношения → /artterapy
психосоматика правая нога у женщин,329,,Словарь и термины → /artterapy
психосоматика ячмень на глазу у женщины,329,,Словарь и термины → /artterapy
тест на уровень депрессии idrlabs,328,,Тревога и депрессия → /artterapy
архетипы и коллективное бессознательное карл густав,328,,Прочее (вычитать вручную)
густав юнг архетипы и коллективное бессознательное,328,,Прочее (вычитать вручную)
карл густав юнг архетипы и коллективное бессознательное,328,,Прочее (вычитать вручную)
как повысить самооценку мужчине,328,,Отношения → /artterapy
зачем мужчина после расставания,327,,Отношения → /artterapy
как повысить депрессию,327,,Тревога и депрессия → /artterapy
стадии отрицание гнев торг депрессия принятие,326,,Тревога и депрессия → /artterapy
психосоматика рака у мужчин,326,,Отношения → /artterapy
буллинг в школе что делать,325,,Дети и подростки → /artterapy
психосоматика рука правая у женщины,325,,Словарь и термины → /artterapy
невроз глотки симптомы,324,,Тревога и депрессия → /artterapy
тельцы мужчины характеристика в отношениях с женщиной,324,,Отношения → /artterapy
тест на депрессию бека для подростков,323,,Дети и подростки → /artterapy
как избавиться от раздражения на ногах,323,,Прочее (вычитать вручную)
типы привязанности взрослых,322,,Словарь и термины → /artterapy
симптомы после невроза,322,,Тревога и депрессия → /artterapy
как успокоить истерику у ребенка,321,,Дети и подростки → /artterapy
как вернуть бывшего парня после расставания,321,,Отношения → /artterapy
психосоматика псориаза у женщин,320,,Словарь и термины → /artterapy
бессилие что делать,319,,Прочее (вычитать вручную)
депривация у детей,319,,Прочее (вычитать вручную)
психосоматика кисты яичника у женщин,319,,Словарь и термины → /artterapy
пройти тест на тревожность и депрессию,318,,Тревога и депрессия → /artterapy
кризис трех лет в отношениях,318,,Отношения → /artterapy
как вытащить себя из депрессии,318,,Тревога и депрессия → /artterapy
избегающая привязанность у мужчины признаки,317,,Отношения → /artterapy
как отвечать на буллинг,317,,Дети и подростки → /artterapy
тест на ревность тест любви,317,,Отношения → /artterapy
как вести правильные отношения с мужчиной,317,,Отношения → /artterapy
как стать клиническим психологом,317,,Для психологов → /praktik
горечь во рту и тошнота причины,316,,Прочее (вычитать вручную)
избегающий тип привязанности у мужчин признаки,316,,Отношения → /artterapy
сильная горечь во рту причины,315,,Прочее (вычитать вручную)
этапы работы психолога,314,,Для психологов → /praktik
депрессия причины признаки,314,,Тревога и депрессия → /artterapy
причина расставания в матрице совместимости,313,,Отношения → /artterapy
тест на тревогу и депрессию бесплатно,312,,Тревога и депрессия → /artterapy
зачем привязанность,312,,Словарь и термины → /artterapy
невроз что это такое простыми словами,312,,Тревога и депрессия → /artterapy
как разорвать отношения с мужчиной,312,,Отношения → /artterapy
как снять депрессию,312,,Тревога и депрессия → /artterapy
признаки выгорания что делать,311,,Выгорание и работа → /coach
как бывшая переживает расставание,310,,Отношения → /artterapy
этапы сепарации,310,,Словарь и термины → /artterapy
как избавиться от раздражения бикини,309,,Прочее (вычитать вручную)
усталость апатия причины,309,,Эмоции и состояния → /artterapy
проблемы в отношениях с мужчины,309,,Отношения → /artterapy
психология отношений почему мужчина,308,,Для психологов → /praktik
читать психологию отношений между мужчиной,308,,Для психологов → /praktik
признаки регрессии,308,,Прочее (вычитать вручную)
симптомы ревности,308,,Отношения → /artterapy
молочница психосоматика причины,308,,Словарь и термины → /artterapy
эмоциональная лабильность это простыми словами,308,,Эмоции и состояния → /artterapy
как избежать выгорания,307,,Выгорание и работа → /coach
читать психологию отношений между мужчиной и женщиной,306,,Для психологов → /praktik
гнев признаки,306,,Эмоции и состояния → /artterapy
как пройти дереализация роблокс,306,,Прочее (вычитать вручную)
как себя вести после расставания с мужчиной,305,,Отношения → /artterapy
как бороться с тревожностью самостоятельно,305,,Тревога и депрессия → /artterapy
как убрать тревожность внутри себя беспокойство,304,,Тревога и депрессия → /artterapy
как работает привязанность,303,,Выгорание и работа → /coach
причины низкой самооценки,303,,Самооценка и личность → /artterapy
многомерный тест на ревность idrlabs,303,,Отношения → /artterapy
мужчина рыба характеристика в отношениях с женщиной,303,,Отношения → /artterapy
тревожность при беременности,303,,Тревога и депрессия → /artterapy
как пережить развод люблю,303,,Отношения → /artterapy
онлайн тест на тип привязанности,302,,Словарь и термины → /artterapy
расставание с парнем что делать,302,,Отношения → /artterapy
признаки высокой эмпатии,302,,Словарь и термины → /artterapy
рефлексия упражнения,302,,Практики и восстановление → /online
газлайтинг и абьюз разница,301,,Прочее (вычитать вручную)
тест на привязанность в дружбе,301,,Словарь и термины → /artterapy
скрытая депрессия симптомы,301,,Тревога и депрессия → /artterapy
тест на сколько сильная ревность,300,,Отношения → /artterapy
тест на дереализацию,300,,Тесты → /online
